countryId,economic_capDependency,economic_commercialValueIndex,economic_commonProsperityIndex,economic_costOfLiving,economic_eastWestConvergence,economic_exportDependency,economic_fdiPipelineStrength,economic_foodSecurity,economic_gdpGrowth,economic_gniStarGap,economic_industrialPolicyExecution,economic_inflationRate,economic_laborParticipation,economic_manufacturingCompetitiveness,economic_matchingFriction,economic_medianIncome,economic_mittelstandHealth,economic_mncDependency,economic_povertyRate,economic_productivityGrowth,economic_propertyValueIndex,economic_rdIntensity,economic_ruralRevitalization,economic_smallBusinessFormation,economic_tradeBalance,economic_unemploymentRate,education_academicPressure,education_apprenticeshipRate,education_collegeEnrollment,education_educationSpending,education_gcseAttainment,education_highSchoolGradRate,education_literacyRate,education_testPerformance,education_universityEnrollment,education_workforceSkill,environment_agriEmissionsShare,environment_airQuality,environment_carbonEmissions,environment_climateResilience,environment_energyTransitionProgress,environment_floodRisk,environment_naturalDisasterPreparedness,environment_nuclearSafety,environment_protectedLand,environment_recyclingRate,environment_renewableEnergy,governance_beltAndRoadEngagement,governance_budgetBalance,governance_bundeswehrReadiness,governance_coDeterminationQuality,governance_corruptionIndex,governance_debtToGdp,governance_devolutionSatisfaction,governance_directProvisionLoad,governance_euCohesionScore,governance_futureIrelandFundBalance,governance_governmentApproval,governance_governmentTransparency,governance_independenceDesire,governance_publicTrust,governance_rentenStabilitaet,governance_roboticsAdoption,governance_schuldenbremseHeadroom,governance_socialCreditCoverage,governance_unityReferendumSupport,governance_voterTurnout,healthcare_affordabilityIndex,healthcare_elderCareQuality,healthcare_hseWaitingListMonths,healthcare_lifeExpectancy,healthcare_mentalHealthAccess,healthcare_nhsWaitingTime,healthcare_physicianRate,healthcare_preventableMortality,healthcare_publicHealthPreparedness,healthcare_slaintecareProgress,healthcare_socialCareQuality,healthcare_uninsuredRate,infrastructure_broadbandAccess,infrastructure_infrastructureInvestmentGap,infrastructure_powerGridReliability,infrastructure_publicTransit,infrastructure_roadCondition,infrastructure_transportEfficiency,infrastructure_waterQuality,mediaInformation_bbcTrust,mediaInformation_disinformationRisk,mediaInformation_mediaPolarization,mediaInformation_newsTrust,mediaInformation_pressFreedom,mediaInformation_socialMediaSentiment,population_birthRate,population_demographicDecline,population_medianAge,population_migrationRate,population_populationGrowth,population_urbanizationRate,publicSafety_antiSocialBehaviourRate,publicSafety_crimeRate,publicSafety_incarcerationRate,publicSafety_knifeCrimeRate,publicSafety_policePerCapita,publicSafety_publicSafetyConfidence,publicSafety_recidivismRate,publicSafety_value,publicSafety_violentCrimeRate,social_childPoverty,social_civicParticipation,social_foodInsecurity,social_foreignWorkerIntegration,social_genderEquality,social_homelessnessRate,social_housingAffordability,social_housingCompletionsRate,social_housingSupplyGrowth,social_incomeInequality,social_irishLanguageStrength,social_kitaCoverage,social_rentalPressureIndex,social_roughSleeping,social_socialCohesion,social_socialMobility,social_vacantPropertyRate,social_wohnungsBauRate,social_workLifeBalance,stateId
US,,66.03876151547585,,32.47632040378014,,42.62357097993947,,55,3.336,,1.3512529707302199,,53.31362541866413,59.32729009616004,12.451057370258335,8336.598825705556,,,18.825684549154502,4.903954669211085,58.587704145217465,5.3372749162671695,45.14783867252501,42.24957046116142,11.329522613172001,9.48,52.98042294810337,7.129929086756877,54.780187395112826,64.32326304631322,53.86070845061856,76.42333542694907,84.5116284546427,68.78285516552401,60.73237308137956,60.059051113044575,,41.37383197604237,45.694127504207806,46.7546979688154,47.15293655778451,24.907212625776154,57.18617828717708,48.60767378543165,39.7074270349207,50.03140180069816,53.04361851804044,,37.32244329926946,,50.28813599236677,52.84762459003139,34.05281878128924,57.790172215219904,,,,,47.65693692291752,,52.443664780411595,,48.89580977779839,,,,54.882145100302495,53.20168289336738,57.89907826953581,,72.90594843222173,51.197199082009625,35.13743195159421,41.12783971980461,68.78285516552401,56.289668640340885,,43.823413944612504,19.152065569706537,0.3669610018563548,40.27670383188277,66.9988968241477,55.13859275093284,58.51938075773791,56.98042294810337,57.45841708503598,54.51162845464274,20,29.80015703532702,68.98226287679778,71.893969849104,0,47.80199696402141,56.31422895739358,35.35685196816385,36.88686804808297,1.9902114740516677,58.81934149890609,15.556396451788496,67.16166562767192,42.91587623209429,8.268503271616492,38.79056480353745,50.889590556455865,47.14518425468932,,68.00001786622985,32.89728462539842,55.43700010444487,40.653962614957024,44.554855004142425,62.860977557969306,35.98807646718009,15.411903266465007,,6.266719011775665,46.55400707376691,,,,8.205544388661865,61.05281878128924,54.57811191342786,,,60.98410280549215,CT
US,,63.05833856737249,,30.4763204037802,,37.83339876471957,,52.01957705189663,3.4,,1.3512529707302199,,53.31362541866413,61.397846000651576,12.451057370258335,8467.614476874282,,,19.10606823842611,5.031401800698169,71.25450167465662,5.184338358482667,42.60328491410751,39.039742676381316,10.768755234628847,8.72,53.725528685129134,7.002481955269792,50.066483458785136,61.350201633505925,48.51104332817037,75.19984296467298,83.56851968163836,65.80979375271671,56.01866914505191,54.93751635595821,,42.016980007878516,42.99408824537602,58.80974926711655,45.446984924552,24.98062217351273,53.59400910793572,61.27447131487086,36.98189834979153,47.15293655778451,48.10050974503602,,35.3870868293602,,47.97043812799624,48.69468803224689,29.28222361796599,54.07055590449152,,,,,59.686498794921256,,48.72404846968317,,62.88805747470323,,,,66.96268582490104,46.90763452659993,53.92456769583324,,72.8294801533295,48.21677613390633,43.33359505887838,41.72000889904593,65.80979375271671,55.19953568395268,,44.56851968163834,19.25402327489621,0.3669610018563548,35.63946817444733,64.01847387604435,52.41108420327501,55.156616415173325,54.25489426297418,53.738800774307556,49.05873115568999,20,32.59808155364209,63.529365577845006,70.28997592106116,0,48.62357097993947,53.16557579572725,38.92944409550848,34.18682878925125,2.1941268844310002,57.850743299604325,15.548144250024704,63.445338861662904,52.57832582371779,8.179035385312552,35.75916300283929,46.71116457237395,48.34909966506865,,85.83838634307327,40.670783238319075,52.278151172259655,41.297110646793215,58.06280360139635,59.8295757572711,48.47644801253733,15.56483982424951,,6.292208438073087,43.580945660959706,,,,8.169859191845486,56.31362541866413,50.14479166637178,,,57.69780674181985,DE
US,,66.78386725250168,,32.00568598162513,,43.29220843807312,,52.01957705189663,3.559,,1.3512529707302199,,53.31362541866413,60.83707862210841,12.451057370258335,9925.60966108652,,,18.010022907637147,5.056891226995583,71.25450167465662,5.286296063672336,41.80036798573887,39.62599948122188,10.896202366115928,8.08,53.725528685129134,6.926013676377541,52.79385207260875,61.350201633505925,50.11815165622245,76.39784600065157,84.25673419166857,69.52612051872582,58.746037758875495,59.63164324038923,,39.748421067408444,45.776508157500764,59.49796377714683,46.415583123853835,24.898036432309084,54.28222361796597,49.352779522457475,40.29959621416206,46.23531721107749,52.535669920786475,,35.25963969787311,,50.3664441999534,50.47894787306602,27.625410908633913,55.829326319013255,,,,,63.280507902856996,,54.20834756933408,,62.32729009616006,,,,67.54894262974173,55.24674937156152,54.63827163216088,,72.90594843222173,48.21677613390633,43.33359505887838,41.949413735722686,65.80979375271671,59.124907333754834,,44.56851968163834,19.152065569706537,0.3669610018563548,35.257126779986095,67.7440025611735,52.920872729223355,56.405598303746714,54.76468278892251,53.89173733209205,50.56260730723761,20,32.80199696402143,68.75877041452178,71.15661641517335,0,48.852975816616265,40.73919336262507,38.47063442215502,34.05938165776418,2.0666797529439185,59.63500314042352,15.467597662924861,68.64819633407555,43.65914158529604,8.145899131125919,35.83563128173154,51.88551811074956,45.80015703532698,,85.83838634307327,39.41033110791184,52.63500314042346,40.45595957897845,57.68046220693511,63.6060832949951,37.85471696129224,15.411903266465007,,6.19025073288342,43.580945660959706,,,,8.429851340079138,58.505716080242,53.20352282206179,,,58.20759526776816,MA
US,,66.03876151547585,,32.22142614080598,,41.017737123202224,,55,3.459,,1.3512529707302199,,53.31362541866413,62.9508610760996,12.451057370258335,8142.879185845189,,,18.57079028618033,4.9294440955085,58.587704145217465,5.107870079590418,45.138740690692416,42.24957046116142,11.151096629090091,9.05,56.70595163323249,7.0789502341620425,54.21942001656967,64.32326304631322,52.634667045712874,74.84299099650916,83.79792451831511,56.890609514295114,60.17160570283642,57.99440758295383,,46.73068394420618,32.72736923360032,48.28406354666042,50.33911484496158,24.723688756434772,58.71554386502207,48.60767378543165,40.62504638162771,50.18433835848264,53.9612378647474,,37.90870010411002,,53.0155046061903,54.42796902047119,30.671397351175195,55.80199696402141,,,,,46.025613639882835,,50.455489529213054,,48.79385207260874,,,,52.86848042280658,50.34686714805675,57.032437775423645,,72.90594843222173,51.197199082009625,35.13743195159421,44.72592127344672,68.78285516552401,58.79170486319401,,47.54894262974164,19.152065569706537,0.3669610018563548,40.0218095689086,66.9988968241477,55.901295677326715,57.55078255843607,57.74510573702582,57.356459379846356,53.28813599236677,20,32.98633532250406,55.837078622108415,73.39784600065157,0,51.74418577267865,55.837576685631866,34.86106609700781,36.91235747438042,2.0157009003490844,58.89580977779837,15.597944216653275,67.16166562767192,42.91587623209429,8.206563965713764,38.73958595094261,50.12490776753337,50.462882119059856,,68.00001786622985,32.60415622297812,54.13703936327668,44.7108538419526,44.63132328303463,62.22374190053389,35.809650483098174,15.411903266465007,,6.317697864370503,46.55400707376691,,,,8.169859191845486,57.280383689271595,52.53895780963455,,,60.678229689923114,MD
US,,66.47024183383748,,29.12354088132269,,44.278543760577186,,57.98042294810337,3.134,,1.3512529707302199,,53.31362541866413,51.22717231966479,12.451057370258335,6784.037869929913,,,19.335473075102875,4.801996964021417,59.01918446357916,5.082380653293004,53.507805040698145,44.79667316220861,11.227564907982332,10.54,44.039154103793344,7.10443966045946,56.588096733535,67.29632445912041,55.101478053923216,75.86256804840585,83.51754082904353,56.14734416109328,62.54028241980178,60.79640454697524,,43.81897697189995,33.18026653255309,48.7155438650221,46.462882119059856,25.02956187200378,59.147024183383735,51.58809673353499,46.23088023836494,52.068715975797076,37.92983606404922,,40.58324993664437,,53.31953779306489,56.59273032705718,31.920379239748573,41.24898188857344,,,,,48.70016347241718,,51.549694931307585,,52.7173837937165,,,,56.18026591277631,54.57627198473347,59.91090301833734,,72.85496957962691,54.17762203011295,38.117854899697484,32.08461317030491,56.14734416109328,57.79170486319402,,46.80383689271581,19.152065569706537,0.3669610018563548,44.04729899520599,69.9538303459536,50.95450704693347,59.40967074945306,37.15109662909009,59.470241833837505,55.274471314870866,20,32.88437761731442,69.74510573702582,65.93903632729803,0,50.412823230812215,44.460544126841974,39.13893390299219,39.91826984878119,1.9902114740516677,50,15.611294303676548,71.6212577468828,45.14567229169972,8.283542033131962,41.643540620153665,50.35247267551571,50.15109662909009,,72.45960998544076,36.463964378342325,57.55078255843607,32.57933426475916,47.68821451003026,63.496373286710316,39.04496769417569,20,,6.445144995857585,49.527068486574166,,,,8.220838044440315,47.26448649476373,53.81158919581099,,,63.148864112078165,ME
US,,62.313232830346664,,27.692060562961043,,53.21981260488719,,51.274471314870866,3.268,,1.3512529707302199,,60.76468278892251,54.27631124356527,12.451057370258335,8265.993114861722,,,18.77470569655968,5.031401800698169,70.5093959376308,5.158848932185249,56.63596118612054,38.269147513058066,11.151096629090091,9.4,49.25489426297418,7.053460807864625,49.70371911622057,56.890609514295114,60.48289948403729,74.86848042280657,83.59400910793579,65.06652839951498,55.65590480248734,54.370836603014325,,51.842626469502974,42.29996136094504,58.11562238268558,41.821574015918095,24.974504711201327,52.899882223504726,60.52936557784498,38.0720313061797,42.24898188857344,42.45736171319986,,33.82631945081705,,58.739193362625066,45.3710777934756,30.78813599236675,54.37051664565975,,,,,55.827610603904255,,49.0240092108514,,55.766522717616894,,,,66.39600607195717,62.16660123528043,49.657848684057555,,72.90594843222173,47.471670396880455,43.33359505887838,37.351332182080604,65.06652839951498,49.658345357306196,,55.74510573702582,19.152065569706537,0.3669610018563548,47.60622644505479,63.2733681390186,46.181679366598274,56.017344534884735,51.75101811142656,69.58402428782863,45.27631124356526,20,31.57259212734466,63.472474350849396,67.13703936327668,0,43.86141295618075,52.84104559260878,39.31178548996974,33.2632970681435,2.0921691792413344,51.50387615154762,15.475308214379833,62.7020735084611,51.83506047051599,8.173682605790098,35.01405726581345,60.81903465196437,42.756930485827354,,79.89226351745882,40.289716315172676,50.10563756257849,36.59707138796145,56.78241991212476,59.13544887284008,47.629384570321825,19.51570090034908,,6.19025073288342,42.83768030775788,,,,8.149467650807553,54.0646435300908,62.36644419995346,,,53.73696084561317,NH
US,,59.33280988224332,,36.69206056296098,,50.647220477542525,,48.29404836676751,3.478,,1.3512529707302199,,57.78425984081918,54.099725188177764,12.451057370258335,8176.270334294798,,,18.851173975451925,4.87846524291367,67.52897298952746,5.107870079590418,49.4918404523342,35.51812940163147,11.38050146576684,9.79,46.274471314870866,7.155418513054293,62.67638976122875,57.63387486749692,57.76756656942702,75.63316321172908,83.6194985342331,62.09346698670778,52.98135496995302,50.370836603014325,,49.49943917883504,39.19209128135461,55.415583123853835,56.017737123202224,24.940858668488747,50.19984296467302,57.54894262974165,34.27594671655901,42.89212992040956,45.52200524329058,,31.91645240720518,,57.772435092017666,45.86128926752725,30.22828857817077,49.42740787265532,,,,,55.75705469941276,,44.13876579466536,,55.58993666222943,,,,63.2626465660693,60.94494870169884,50.09708130551439,,72.72752244813988,44.491247448777145,43.33359505887838,34.268951528787596,62.09346698670778,63.47216707012912,,52.76468278892251,19.152065569706537,0.3669610018563548,44.88069775992558,60.2929451909152,49.50121715966319,53.036921586781375,51.34502721936232,66.17028109266921,44.925371649802166,20,29.917619346707003,59.39600607195719,66.01550460619036,0,41.274471314870866,49.21574015918082,38.725528685129134,30.181928956957705,1.9647220477542513,64.48206658263895,15.63235494215479,79.80107526419613,49.60526441091054,8.2348572289039,32.135592022899765,60.7484787474729,39.70003925883175,,75.43267139824793,40.37765483589879,62.21166771347454,34.45779950767285,53.41965556956017,55.4668114147065,45.5410915426281,15.411903266465007,,6.19025073288342,39.86461889495066,,,,8.32789363488947,51.56851968163834,57.70371911622056,,,53.97227805669069,NJ
US,,69.01918446357915,,34.98610892972843,,43.89620236611595,,57.98042294810337,4.371,,1.3512529707302199,,55.54894262974164,49.621338462927575,12.451057370258335,9897.316397896375,,,18.264917170611323,5.158848932185249,61.56812709332083,5.235317211077499,48.15120210429601,45.40841939334662,11.151096629090091,6.01,44.039154103793344,7.0789502341620425,56.63907558612985,67.29632445912041,55.333431833229675,75.25082181726785,83.67047738682798,59.86367092710237,62.59126127239659,59.700359216186314,,47.03471713108077,36.42149611803137,52.38602125185009,51.43332024705608,24.58910458558441,62.817501570211704,51.58809673353499,44.34466269235613,52.553015075448,39.38273336300198,,40.81265477332112,,58.90172215219916,55.16532245440186,29.447904888899185,46.525293132138664,,,,,52.95689766408577,,44.9043143824595,,51.11154993697926,,,,57.5312055065394,56.99776748298804,60.90499064393654,,72.90594843222173,54.17762203011295,38.117854899697484,32.1610814491972,56.14734416109328,64.70341183550025,,50.52936557784498,19.152065569706537,0.3669610018563548,39.35724455648135,58.08311740613514,61.660066091848506,62.41742305254827,47.85665567400507,60.23492462275997,54.15293655778451,20,32.349099665068685,56.701879187526146,68.92129920409587,0,54.85205585226903,42.86102573031581,37.64906040623691,39.84437854858119,1.8882537688620011,58.76836264631131,15.424361223567868,71.6212577468828,45.14567229169972,8.06841127518177,41.7964771779382,57.00521293914143,50.282616206283514,,72.45960998544076,35.2328250881771,57.49980370584127,31.151926392103814,47.30587311556901,53.91970871365926,39.35084080974469,15.411903266465007,,6.317697864370503,49.527068486574166,,,,8.282012667554122,44.18026591277631,57.94087625599245,,,65.08606051068185,NY
US,,58.587704145217465,,32.92737777403848,,46.278543760577186,,43.823413944612504,3.536,,1.3512529707302199,,57.039154103793344,52.7173837937165,12.451057370258335,6894.661980060695,,,18.9276422543442,4.801996964021417,63.05833856737249,5.133359505887835,50.50168171588551,30.690643011312556,11.55892744984876,10.26,45.52936557784498,7.053460807864625,57.670477386828004,68.78285516552401,55.7964194274955,75.78609976951358,83.56851968163836,61.350201633505925,47.97544259555223,49.75317799747559,,50.793487545602545,38.701879807302966,48.65090033493135,47.74917818273217,25.216144472500847,59.08238065329301,53.07830820758667,34.11709778437376,52.41190326646501,39.06319556993706,,41.8440565740193,,53.280383689271595,56.2986819602897,31.639995550477046,43.93719639860365,,,,,51.23544142466293,,42.3162176489245,,54.20759526776817,,,,59.09788525948332,56.11746231138,45.95780942522581,,72.90594843222173,55.667833504164626,39.60806637374917,33.57482464435661,57.63387486749692,63.10940272756452,,52.01957705189663,19.152065569706537,0.3669610018563548,45.97083071631375,59.522350027592054,43.32279117558128,62.07239583318591,45.16660123528043,60.60360133972526,57.78425984081918,20,30.666797529439187,60.33320247056081,63.670477386827976,0,55.93443650556206,45.27783474664186,39.209827784780096,41.330909254984824,1.9392326214568338,56.85665567400506,15.76502740603284,73.85105380648824,46.63220299810332,8.402577653940897,43.184730946800194,51.84268414956737,40.13893866251291,,74.68940604504616,37.48517040852152,59.55078255843607,34.298950575487616,48.86106133748709,54.16093829913751,40.68811572601183,17.986335322504083,,6.215740159180838,51.013599192977765,,,,8.251425355997219,48.42333542694897,56.3978460006516,,,63.92537164980219,PA
US,,68.70555904491495,,31.94695482593517,,45.87662531421927,,56.49021147405167,2.931,,1.3512529707302199,,54.05873115568999,47.79976444700948,12.451057370258335,6781.488927300167,,,18.876663401749344,4.776507537724002,57.52897298952748,5.209827784780084,46.27100240789386,31.51221702723064,11.202075481684922,11.56,42.54894262974164,7.129929086756877,54.56260730723763,65.80979375271671,53.064518385791935,75.12337468578076,83.33911484496154,58.37714022069868,60.51479299350436,61.706271590587065,,48.98557820718034,34.62541152841069,47.1743535383756,46.52752564915058,25.03567933431513,57.60583385673724,53.823413944612504,46.17214908267494,49.38050146576681,53.33582695611349,,38.64048653557955,,50.75877041452176,55.56132852635903,33.24582940721431,54.76875523462884,,,,,47.20995199836552,,53.14777648494965,,49.28997592106116,,,,55.913546901000664,55.307713044263394,58.36971269169079,,72.80399072703212,52.68741055606131,36.627643425645836,30.594401696253264,58.37714022069868,59.746638384999954,,49.039154103793344,19.152065569706537,0.3669610018563548,43.14334432599491,56.541927079488666,56.652313788753276,57.919459275401415,58.49612384845238,56.88398502899689,52.56076737854319,20,34.9,55.10971000828483,71.52345320344422,0,53.20890782043286,45.4621731051245,36.464722047754265,38.40256894843209,1.9902114740516677,59.63500314042352,15.767512625096849,74.59431915969002,46.63220299810332,8.461203334424955,40.306265703886524,48.938729480356294,54.50203622285317,,70.22981392583527,34.44612177993414,56.162528789574104,46.78732212084488,46.12153475708633,65.4767962348136,40.8724540844945,16.890289991715168,,6.496123848452417,48.04053778017054,,,,8.13927188028859,49.19393059027224,52.066483458785136,,,61.65865263802653,RI
US,,72.74471314870831,,29.12354088132269,,49.253054334279746,,57.98042294810337,3.163,,1.3512529707302199,,55.54894262974164,51.17619346706998,12.451057370258335,7209.4563948337955,,,19.182536517318358,4.801996964021417,61.56812709332083,5.235317211077499,53.53074552436581,32.84949194349784,10.462882119059842,10.42,44.039154103793344,7.155418513054293,58.4488248532464,67.29632445912041,55.863611900215986,75.78609976951358,84.00183992869438,59.86367092710237,64.40101053951318,66.20423536773406,,50.016980007878516,36.59992210211329,46.11562238268558,52.554855004142425,25.34155244988415,56.54710270104727,55.31362541866413,49.59955695533029,54.59216917924135,41.65129230347207,,40.353845099967614,,53.49796377714683,57.15349770560036,32.863488012752995,39.56667975294392,,,,,47.145308468274784,,37.945701003264745,,52.66640494112163,,,,57.86256804840579,58.68414206432391,60.11481842871663,,72.90594843222173,54.17762203011295,38.117854899697484,32.03363431771009,59.86367092710237,61.51723354832318,,50.52936557784498,19.152065569706537,0.3669610018563548,44.35317211077504,58.03213855354027,51.4642955728818,59.10379763388404,37.660885155038414,59.26632642345814,56.11562238268558,20,24.292208438073082,58.66456501242726,64.25673419166857,0,54.38050146576681,47.653343802355124,38.59216917924135,39.84437854858119,1.9902114740516677,51.49021147405167,15.599760338276965,76.82411521929541,48.118733704506916,8.20605417718782,41.61805119385627,52.34064792671421,54.182498429788254,,72.45960998544076,36.28808733689014,60.09972518817775,32.52835541216433,47.458809673353514,53.91970871365926,42.13326072186942,20,,6.470634422155003,49.527068486574166,,,,8.093390912953236,51.39784600065158,56.513468383337134,,,62.43516017575049,VT
US,,61.99960741168249,,27.398012196193534,,40.445144995857575,,53.50978852594833,2.879,,1.3512529707302199,,53.31362541866413,55.44107255015125,12.451057370258335,6183.761880625749,,,20.202113569215058,4.751018111426585,70.19577051896664,5.00591237440075,46.83488418644634,40.096633903376876,11.074628350197838,12.39,51.49021147405167,7.155418513054293,49.033241729392586,62.83673233990958,48.145624567770085,73.84890337090995,82.06464353009068,65.76245027191058,54.98542741565935,51.2278848653369,,41.059227450072434,45.325450787242445,57.62357097993947,39.31585793567609,25.301788944860174,52.40783082075865,47.11746231138001,38.59955695533029,42.474706867861336,43.29483292362575,,36.13810494078678,,44.209827784780096,52.09759280270072,36.08606051068182,49.13743195159422,,,,,57.404275176955274,,43.79092451678584,,56.93128402420293,,,,48.88030517160807,43.32545016746567,54.36971269169079,,71.7844136751355,49.706987607958006,43.33359505887838,39.255286851291686,67.29632445912041,47.917312065986714,,57.98042294810337,20.324579179387662,0.3669610018563548,42.278543760577186,65.40672764490641,48.242643039300205,51.80383689271581,50.086453098999336,52.60360133972531,46.0118247488015,20,35,60.482459170956524,65.25489426297418,0,46.57942446609264,54.23521173587157,38.54710270104727,35.49861427922099,1.9902114740516677,51.75877041452176,15.816611632502237,65.67513492126831,53.32159117691958,8.483634029566687,37.24937447689093,44.86226120146403,49.09604533078892,,82.86532493026607,41.93123536872631,48.61949853423319,40.31077532428911,43.37051664565975,56.75717992408519,34.70178040350776,20,,6.292208438073087,45.0674763673633,,,,8.246327470737736,53.16476130658601,47.07239583318589,,,57.1488641120782,AL
US,,56.78386725250165,,30.123540881322693,,51.258966708680525,,44.56851968163834,2.863,,1.3512529707302199,,57.78425984081918,48.823413944612504,12.451057370258335,5791.989398434455,,,20.17662414291765,4.623570979939502,61.25450167465661,4.980422948103334,53.90788355836166,34.98285144938571,10.590329250546926,12.6,46.274471314870866,7.0789502341620425,55.994087625599235,69.52612051872582,53.87405670249664,73.6194985342331,81.58034443043981,59.04283396118214,46.2990528343235,46.70035921618631,,51.74250869300768,40.26264718584612,46.51570090034908,46.50610866855953,25.561781093093813,41.29996074116825,57.54894262974165,34.83671409510218,49.48653161666285,35.44960941010467,,30.464567650359662,,52.776507537724,44.20040411248887,34.21738379371649,41.29220843807312,,,,,46.90958270107173,,39.671229688393915,,50.31362541866413,,,,55.13893866251291,55.18433835848264,45.12257073181184,,71.47854055956648,44.491247448777145,40.353172110775034,34.11601497100311,62.09346698670778,58.39977123694321,,52.76468278892251,20.85985713163338,0.3669610018563548,47.633555800046594,60.190987485725586,38.61315968495995,46.99592755429367,40.456969744659084,59.972278056690676,54.221652533581576,20,30.529365577845,56.77059516332328,61.93719639860366,0,41.41466315950661,48.907318100982096,38.445144995857575,42.2045659124535,2.0411903266465,54.668637458133574,15.83955211616991,79.80107526419613,49.60526441091054,8.496633636978363,43.95532611012346,50.62510406169211,43.57443205603907,,75.43267139824793,39.66660531740679,54.43332024705608,35.17150344400055,50.13893390299219,49.731690497787746,44.47053563813659,20,,6.394166143262753,36.14829212894161,,,,8.113782453991169,47.209827784780096,51.96859819930184,,,48.003679857388846,AR
US,,63.80344430439833,,35.672483511064314,,39.90395466921108,,49.039154103793344,3.782,,1.3512529707302199,,53.31362541866413,55.91945927540142,12.451057370258335,6930.347176877083,,,19.131557664723523,4.801996964021417,68.27407872655333,5.031401800698169,54.19187971116596,35.82991489160123,10.411903266465009,8.58,50.74510573702582,6.926013676377541,46.780187395112826,58.37714022069868,60.03464008817038,74.99592755429366,82.98226287679778,66.11338986567367,52.73237308137959,53.355635467871465,,39.66206882732342,44.75877103429855,54.9881752511985,51.435552764067985,25.081560301650487,49.772435092017666,46.372356574354164,37.98189834979152,41.445144995857575,40.99079973675117,,31.20783300356146,,59.13335950588782,45.56132852635903,35.44586866604604,48.08238065329301,,,,,54.845347727106514,,46.46140190361385,,57.40967074945305,,,,62.45289729895277,45.63907558612984,50.25593023769961,,72.1412656432993,45.236353185803004,43.33359505887838,38.71409652464521,62.83673233990958,48.85450846459038,,57.23531721107749,19.865769506034177,0.3669610018563548,34.39232621456832,64.70515192842764,50.57768543855544,51.640915514824236,52.42149549825458,65.33504239925519,43.07055590449152,20,29.031401800698173,61.26671901177566,64.69005443872464,0,45.47746676090295,50.54965164367699,39.260806637374934,31.35934239893242,2.36106133748709,60.24674937156148,15.723415917602308,64.18860421486472,50.34852976411234,8.409204904778228,32.85520833362818,58.07800136064488,45.21574015918082,,82.12205957706423,40.70009607856109,61.01957705189663,38.69902909315108,55.541190326646486,58.1531859960424,33.77824868240001,16.966758270607425,,6.368676716965338,40.607884248152445,,,,8.210642273921353,51.243069514172646,60.390093697556445,,,54.309552972957846,FL
US,,60.823021356294944,,32.907800722141815,,53.157009003490835,,46.05873115568999,3.25,,1.3512529707302199,,59.274471314870866,53.066483458785136,12.451057370258335,7313.453254127255,,,19.462920206589953,4.903954669211085,65.29365577844993,5.031401800698169,53.04669545647663,36.54953120232963,11.405990892064256,11.39,47.76468278892251,6.926013676377541,46.63316321172908,55.40407880789145,56.85539961494722,74.84299099650916,82.95677345050034,62.82709380200134,48.85982021286667,49.55955087825081,,52.56999508332651,40.86072873948818,53.384181323155666,38.70003925883175,24.916388819243213,48.16844116397481,59.039154103793344,35.25636966466237,53.50019629415874,40.07502031873857,,32.28512912417053,,56.40783082075865,42.60639500455313,33.03803784528735,47.039154103793344,,,,,52.80803355200757,,45.41817535411417,,54.55669493283683,,,,60.05873115569,58.1,47.402954421083415,,72.26871277478635,45.98145892282879,41.843383584826675,35.75916300283929,63.57999769311137,47.5054087995217,,54.25489426297418,19.993216637521254,0.3669610018563548,49.09827784780083,61.69923955402693,43.799337972136996,50.16844116397481,45.64314803183615,63.119302240074404,57.037314175098906,20,29.649060406236927,59.586256804840566,63.976350502397,0,43.236237175424684,49.66853198292766,37.78241991212476,43.8732033705871,2.143148031836167,61.38418132315568,15.7044581567936,60.47227744885568,51.09179511731415,8.382695901428912,45.52200586306736,54.38387447621389,44.12153475708633,,77.66246745785341,40.33605726468165,58.52345320344423,36.304862949888346,52.13892171739488,55.453146737210616,45.7058528492141,19.362764342564567,,6.113782453991169,37.634822835345226,,,,8.062803601396338,49.77059516332328,57.690054438724665,,,50.7173837937165,GA
US,,56.78386725250165,,30.378435144296915,,51.89620236611595,,48.29404836676751,2.688,,1.3512529707302199,,57.78425984081918,49.51162845464274,12.451057370258335,5962.513660364169,,,19.870751027348632,4.700039258831753,64.98003035978579,4.903954669211085,53.5637763033465,34.90638317049346,11.049138923900427,13.56,46.274471314870866,7.0789502341620425,59.86106609700781,69.52612051872582,53.907192956683275,73.74694566572028,82.09013295638815,59.09381281377701,50.22849692983202,46.361547842272195,,51.28369901965423,40.72145685919959,50.29220843807312,49.186570875494596,25.555663630782433,45.13893390299219,57.54894262974165,33.02696482798562,49.02772194330936,34.32807465301834,,31.177259044580108,,50.278543760577186,45.525854279954544,34.57423576188031,45.19616310728419,,,,,47.596365838533096,,39.84965567247583,,51.0018399286944,,,,59.77059516332328,54.0118247488015,45.35197556848855,,71.7079453962432,44.491247448777145,40.353172110775034,34.06503611840827,62.09346698670778,56.79393738020599,,52.76468278892251,20.375558031982493,0.3669610018563548,49.69819933013736,60.15804922738046,39.55626845796434,48.321377721759326,45.12560720279266,63.39193362625081,52.53935039795206,20,30.529365577845,55.088293027693744,63.644987960530564,0,41.50387615154762,48.711049518491976,38.26671901177566,30.206405841147916,1.9902114740516677,55.43332024705608,15.813775933826653,79.80107526419613,49.60526441091054,8.450752669643018,31.982655465115258,52.89366300216221,43.37051664565975,,75.43267139824793,39.31485123450246,56.54894262974164,35.14601401770314,53.57259212734468,49.68071164519294,44.827387606300434,20,,6.394166143262753,39.86461889495066,,,,8.185152847623936,46.16476130658601,51.91761934670699,,,48.30955297295785,KY
US,,69.45066478194079,,32.14311793321931,,48.71186400763323,,45.31362541866413,2.928,,1.3512529707302199,,54.80383689271581,45.86848042280659,12.451057370258335,5793.773658275275,,,20.17662414291765,4.751018111426585,61.99960741168249,4.980422948103334,49.12663264234583,31.976939074984884,11.813821712822916,12.06,43.29404836676751,7.0789502341620425,57.01957705189663,66.55305910591862,52.003698269645824,73.44107255015123,81.73328098822437,57.770202575005726,47.3245422606209,57.16761725199995,,48.83855402379661,37.435160795527274,48.91761934670699,46.91985186371892,25.362963567973956,43.701879187526146,54.568519681638335,45.183973831476465,46.455129815964675,36.500588262699466,,43.100078654790416,,48.24122958547824,45.60823493324752,33.16936112832205,43.13335950588782,,,,,48.46891870704603,,38.41574747260858,,47.35869189685825,,,,57.29996074116825,51.69412688443099,46.07159187921699,,71.68245596994575,57.158044978216296,41.09827784780084,31.11010259660238,59.12040557390055,53.813514432102615,,49.78425984081918,20.375558031982493,0.3669610018563548,46.66679752943918,57.20311570557453,43.48755248216727,60.911706972306256,45.331362541866426,59.74878559441467,49.966758270607414,20,27.54894262974166,52.51570090034908,63.74694566572027,0,54.221652533581576,45.618473094680034,36.67454983253433,42.82222451799225,1.9137431951594177,55.690054438724665,15.908118672909966,75.33758451289185,47.37546835130513,8.519064332120095,44.67494242085187,53.15446963953714,55.731441059529914,,71.71634463223894,40.41171105443262,57.268558940470086,32.4969536114662,50.43923262145681,47.64339747009404,41.77049637930484,20,,6.470634422155003,36.89155748214341,,,,8.169859191845486,45.90336671639993,49.88030517160807,,,48.952701004794,LA
US,,55.29365577844994,,30.84906956645186,,49.20798785608569,,46.80383689271581,2.648,,1.3512529707302199,,56.29404836676751,48.811589195810974,12.451057370258335,4837.665277859175,,,21.298158900003973,4.623570979939502,63.48981888573414,4.87846524291367,53.01412465966956,33.18676685976502,11.813821712822916,13.92,44.78425984081918,7.155418513054293,56.59808155364206,56.14734416109328,52.10218706785856,72.26855894047009,80.1389386625129,57.11930224007444,46.903046762366344,40.257750208388146,,52.68912568182584,38.976351122173774,50.739193362625066,46.06503611840829,25.32320006294999,45.52345320344424,56.05873115568999,49.52900105083876,35.53935039795207,37.5829689159925,,44.58660936119403,,49.374589091366076,48.398407148467456,35.20851523211537,40.927604166814106,,,,,47.89448665100694,,35.5810967320058,,50.301800669862644,,,,57.51570090034908,49.462882119059856,46.89907826953581,,71.01973088621301,43.00103597472546,42.588489321852514,32.52384579176177,60.60693628030414,53.26457180236097,,51.274471314870866,21.650029346853316,0.3669610018563548,48.13151957719341,58.66783775332881,41.434733700878056,46.703719116220576,43.278543760577186,62.10563756257849,50.38641384016756,20,29.039154103793337,52.9353564699092,61.045066478194066,0,55.62265101559231,47.30495315122177,38.34318729066791,44.30397066779207,1.8581633830045212,52.23531721107749,15.970822661601614,77.5673805724973,48.86199905770871,8.646001675081234,30.543422843658423,50.99969315305824,58.29220843807312,,73.20287533864251,43.19168749913356,56.28629606367233,34.85380557963004,51.776507537724,45.74351524658926,42.878366458895286,20,,6.445144995857585,38.378088188547046,,,,8.093390912953236,42.43148031836166,47.98042294810337,,,48.811589195810974,MS
US,,69.76429020060505,,29.41758924809021,,45.227564907982334,,55,3.107,,1.3512529707302199,,53.31362541866413,61.141111808982984,12.451057370258335,7225.004944875218,,,19.10606823842611,4.852975816616254,58.587704145217465,5.00591237440075,47.77452405247383,41.816250214105274,10.43739269276242,11.04,56.70595163323249,6.976992528972377,52.51162845464274,64.32326304631322,50.116311727528085,74.25673419166857,82.72736861382356,56.070163316173996,58.4638141409095,58.95962939591426,,45.762085744904375,34.1547771062557,44.027329354991835,42.46288211905986,25.234496859434998,54.458809673353514,52.33320247056081,45.854451218304476,46.258966708680525,46.05951571254824,,37.857721251515194,,49.039154103793344,53.45937082116938,31.856655674005086,54.57850450174542,,,,,46.81578585510273,,52.95752575206627,,46.984102805492135,,,,52.842990996509165,51.67638976122876,56.06383957612182,,71.98832908551482,51.197199082009625,35.13743195159421,44.64945299455443,56.890609514295114,56.21727280715494,,47.54894262974164,19.330491553788445,0.3669610018563548,40.27670383188277,70.66599782463429,51.67005091195555,57.321377721759326,53.51386097165467,55.92905150719097,49.03140180069816,20,34.79608458962068,51.58034443043983,69.21758008787529,0,51.807909338422185,43.77569304858277,34.79608458962068,37.24372001624684,2.2451057370258334,52.982262876797776,15.716247016456169,72.36452310008455,45.88893764490151,8.416596838404484,38.76507537724001,48.824947026365116,52.90986704361182,,68.00001786622985,33.219725868060735,51.664565012427246,44.914769252331936,45.625410908633924,64.80224640227931,40.22339367825757,20,,6.164761306586001,46.55400707376691,,,,8.307502093851536,45.61358615983244,51.39193362625083,,,60.066483458785136,NC
US,,65.72513609681155,,27.907800722141868,,44.98633532250406,,53.50978852594833,2.753,,1.3512529707302199,,53.31362541866413,58.40191844635794,12.451057370258335,6241.87777258386,,,20.278581848107308,4.674549832534336,58.27407872655326,4.903954669211085,46.16961016008375,43.97509914629056,11.43148031836168,13.27,55.21574015918082,7.129929086756877,52.52936557784498,62.83673233990958,47.996511423930244,73.28813599236675,82.1156223826856,53.611353642820475,54.756022578982574,55.65966865474602,,44.781662796801015,48.82157463569483,49.21942001656968,41.91985186371892,24.879684045374955,55.925371649802166,50.842990996509165,42.962321297894874,44.00407244570633,45.58888129039323,,39.38375188878137,,45.86664049411218,53.0397152516092,34.341874738003206,49.85113588792181,,,,,59.04850441846662,,48.230157138242646,,59.89212992040956,,,,53.01366467749594,48.554855004142425,54.21677613390633,,71.63147711735098,53.43251629308718,43.33359505887838,43.03179438901569,55.40407880789145,52.152629277064214,,46.05873115568999,20.528494589766975,0.3669610018563548,39.50019629415875,69.20127577688,50.79158566904187,59.480226653944605,40.71370393632767,58.44475240754004,47.668637458133574,20,35,65.86480056541778,66.96268582490104,0,50.355932003816626,42.2013664677496,38.445144995857575,35.72801911589775,2.270595163323249,53.237157139771895,15.887153619780344,70.87799239368104,44.4024069384979,8.46757569099931,37.2238850505935,44.50540923330022,51.13927188028859,,88.06818240267873,42.019173889452425,49.10379763388405,44.546092535366604,47.78425984081918,60.35526147772731,37.28028490525319,20,,6.598081553642087,45.0674763673633,,,,8.016922634060986,56.53343802355138,46.94494870169883,,,57.1488641120782,SC
US,,62.313232830346664,,27.437166299986888,,53.2453020311846,,51.274471314870866,3.041,,1.3512529707302199,,60.76468278892251,53.79201214391431,12.451057370258335,7134.007692993445,,,18.902152828046766,4.801996964021417,70.5093959376308,4.954933521805916,43.77370956333253,38.19267923416583,11.125607202792674,11.36,49.25489426297418,7.053460807864625,47.28222361796597,60.60693628030414,45.51267230645291,73.46656197644867,81.88621754600882,62.91538682969501,53.23440930423273,49.54588620075485,,54.468037378136856,43.42149611803138,58.52345320344423,36.264879083081254,24.9255650127103,53.30771304426339,60.52936557784498,35.82896179200706,42.049138923900394,40.60070603919478,,33.43762906316688,,44.0646435300908,50.0397152516092,33.73216472971835,50.95493352180593,,,,,56.82577067520987,,45.58659382356091,,55.28222361796597,,,,61.42556794396093,59.33727491626719,52.61869458026425,,72.26871277478635,47.471670396880455,43.33359505887838,37.24937447689093,65.06652839951498,47.10940272756456,,55.74510573702582,19.305002127491033,0.3669610018563548,38.59032925054695,63.18945102807862,47.97001165312376,52.499803705841266,49.81382171282292,67.49389133144051,45.138574888644236,20,33.50978852594833,59.52161327474983,67.3018006698627,0,44.3441072550151,51.99989452479405,38.54710270104727,33.33976534703573,2.143148031836167,53.59400910793572,15.706242416634428,62.7020735084611,51.83506047051599,8.354657532501756,34.988567839516016,61.10349078694228,43.26671901177566,,79.89226351745882,40.436280516382844,46.51162845464274,37.36175417688394,57.0118247488015,54.266968450033545,48.266620227757265,20,,6.292208438073087,42.83768030775788,,,,8.276914782294629,50.52161327474983,56.50387615154762,,,55.729208542518,TN
US,,69.76429020060505,,31.711637614857658,,44.94718121871076,,55,3.236,,1.3512529707302199,,53.31362541866413,64.3782689487549,12.451057370258335,8458.948071933148,,,18.749216270262266,5.031401800698169,62.313232830346664,5.133359505887835,46.51279745075166,46.077056851480215,11.405990892064256,10.15,56.70595163323249,7.0789502341620425,56.64498796053058,64.32326304631322,51.971941961980015,75.19984296467298,83.77243509201764,56.890609514295114,58.87164496166819,60.71839981043605,,45.532680908227576,34.00184054847121,50.32729009616005,50.80199696402141,24.9255650127103,57.033241729392586,52.33320247056081,45.0133001504897,50.15884893218525,50.622123019785846,,42.2714644466746,,52.27631124356526,51.34374843848379,31.270398869164488,44.56851968163834,,,,,48.625535122219354,,54.869232724372495,,50.221259945264066,,,,57.588096733535004,54.83707862210843,56.879501217639124,,72.80399072703212,54.92272776713882,35.13743195159421,44.751410699744135,56.890609514295114,57.16038158015939,,47.54894262974164,19.203044422301378,0.3669610018563548,40.40415096336984,70.69148725093174,53.989588705020445,63.188018215871445,43.911706972306256,60.49573126013482,51.42740787265532,20,32.14518425468935,53.976350502397004,73.06648345878517,0,51.83339876471957,43.719616310728405,34.74510573702582,37.090783458462354,2.1176586055387494,55.7860997695136,15.50857191569796,72.36452310008455,45.88893764490151,8.126782061402853,38.76507537724001,51.88367818205513,50.48837154535726,,68.00001786622985,32.80934610467231,53.09197288508258,44.863790399737134,48.89212992040956,66.58650624309851,39.28028490525318,15.743265808331419,,6.139271880288587,46.55400707376691,,,,8.118880339250648,45.307713044263394,53.762450271910595,,,60.98410280549215,VA
US,,61.25450167465661,,25.88822367024522,,38.323610238771245,,52.76468278892251,2.709,,1.3512529707302199,,53.31362541866413,54.44107255015125,12.451057370258335,5080.324616210582,,,20.890328079245304,4.547102701047251,69.45066478194079,5.00591237440075,47.500618194982515,39.17310218226912,10.488371545357259,13.86,50.74510573702582,7.0789502341620425,48.05873115568999,62.09346698670778,47.483359466210864,73.79792451831511,81.42740787265534,65.14479166637177,54.010916841956764,51.01060824850912,,43.19133354625408,45.39600669173393,57.13335950588782,35.35908448517578,25.271201633303278,51.91761934670699,46.372356574354164,38.44070802314505,41.296280883779424,41.70857611878515,,34.9241597695705,,43.13335950588782,54.28278476578187,38.24970555876188,46.09827784780083,,,,,54.54354705724384,,40.751770412992514,,55.93128402420293,,,,47.80383689271581,44.135199434582255,53.52264924947534,,71.68245596994575,48.96188187093213,43.33359505887838,38.53567054056327,66.55305910591862,47.58003714971954,,57.23531721107749,21.038283115715306,0.3669610018563548,41.53343802355138,64.62868364953533,45.48387262477848,52.53711788094013,47.32768268447758,52.75062552310904,46.821574015918095,20,35,61.29220843807312,64.1389339029922,0,45.40099848201071,54.443410542369115,39.413743195159434,34.64152107616858,1.8581633830045212,50,15.926471059844104,64.18860421486472,53.32159117691958,8.666648110382138,36.504268739865076,41.13893390299219,49.34502721936232,,82.12205957706423,42.72268205526112,47.823413944612504,40.84014090213411,41.93719639860365,53.76900467288671,32.35084080974471,20,,6.368676716965338,44.32421101416152,,,,7.92516069939029,51.553015075448,44.08422058198741,,,55.07830820758667,WV
US,,65.29365577844993,,34.14073647443963,,41.24122958547824,,50.52936557784498,3.051,,1.3512529707302199,,53.31362541866413,59.93312395289728,12.451057370258335,6881.1525841230705,,,19.089480572065277,4.801996964021417,69.76429020060505,5.107870079590418,59.12316373536888,37.27774530961655,10.870712939818505,11.03,52.23531721107749,6.926013676377541,49.28997592106116,59.86367092710237,63.31420928830071,75.83707862210838,83.54303025534094,68.0395898123222,55.24216160732791,55.37222313423229,,42.86350192000881,45.645530110392606,56.93719639860365,37.76284286022809,25.026503140848078,51.721456239422814,47.86256804840578,39.94811509031373,43.54710270104727,41.35118262053605,,33.59100223973954,,44.721456239422814,48.37699016787636,36.28018739511281,50.86106609700781,,,,,56.74339002191685,,49.3025529714286,,61.42333542694908,,,,65.85481574531065,47.91945927540142,51.54222630137199,,71.9373502329199,46.726564659854674,43.33359505887838,40.20430799869685,64.32326304631322,51.08391330126712,,58.725528685129134,19.585385816762596,0.3669610018563548,36.41781564086577,66.12688499338944,48.37193009948172,51.729208542518,50.21574015918082,67.36053182555263,46.42149549825458,20,30.57259212734466,64.61765860553874,64.8743927972073,0,47.426487908308125,51.03048183635099,38.34318729066791,32.44172305222543,2.0411903266465,52.59992148233649,15.71621515467329,66.41840027447017,51.09179511731415,8.297051429069597,34.21797267619277,60.10349078694228,48.31178548996974,,83.60859028346779,40.61215755783503,50.50755600893643,40.35967668148236,55.807909338422185,59.59241861749923,34.62262670245775,20,,6.317697864370503,42.09441495455613,,,,8.083195142434269,54.64498796053058,61.82932631901322,,,55.39193362625083,IA
US,,67.52897298952746,,31.437166299986853,,43.858888191016995,,56.49021147405167,4.328,,1.3512529707302199,,53.31362541866413,47.442912478845656,12.451057370258335,7152.36007992758,,,19.259004796210604,4.776507537724002,60.077915619269184,5.158848932185249,46.64952038841054,43.51037709853628,10.692286955736582,9.49,42.54894262974164,7.053460807864625,54.7665227176169,65.80979375271671,52.91540524195209,75.14886411207814,83.6959668131254,70.26938587192765,60.718708403883674,59.732064487931915,,45.209070669456366,47.46472266753108,50.79385207260874,48.77059516332328,24.601339510207165,61.22533239097038,50.09788525948331,41.98781072419229,51.41965556956017,52.214292199027156,,38.64048653557955,,49.68821451003026,55.637796805251305,32.124294650127965,55.89028999171517,,,,,48.30599732915445,,50.543782556906834,,48.93312395289732,,,,54.205755339073725,51.70963149062131,58.62460695466499,,72.90594843222173,52.68741055606131,36.627643425645836,30.543422843658423,70.26938587192765,54.848596090189616,,45.31362541866413,19.152065569706537,0.3669610018563548,40.31401800698167,68.45617003985419,58.130700514003436,61.20759526776812,59.9,58.438840033139336,53.962685824901094,20,33.82748639031883,68.43332024705607,70.70779156192697,0,49.57259212734468,41.54037583750523,36.28629606367233,38.35784784217761,1.8581633830045212,58.79385207260876,15.731668119366102,69.39146168727741,44.4024069384979,8.435204119601593,40.280776277589084,50.28966907411934,50.64906040623691,,70.22981392583527,34.88581438356455,56.77427502071207,43.342177124987266,45.89212992040956,63.00024943825786,37.24888310455501,18.16476130658599,,6.164761306586001,48.04053778017054,,,,8.15966342132652,58.28629606367233,53.31546534735857,,,61.25082181726783,IL
US,,64.54855004142414,,28.67248351106438,,39.807909338422185,,53.50978852594833,3.168,,1.3512529707302199,,53.31362541866413,59.39600607195719,12.451057370258335,6946.150621181481,,,19.437430780292537,4.801996964021417,72.74471314870831,5.056891226995583,45.114347911370714,40.504464724135545,10.615818676844341,10.85,55.21574015918082,6.951503102674959,50.741033291319475,62.83673233990958,48.361010219983264,74.79201214391432,83.1351994345822,54.17212102136363,56.693218977586255,54.075251778599856,,44.424810828637185,45.78426046059597,59.178425984081905,39.545262772352885,25.115206344363074,53.962685824901094,47.11746231138001,38.26819441346386,45.89028999171517,43.32032234992319,,36.31653092486872,,48.46656197644862,51.20447655819522,32.51938075773793,52.960845896206656,,,,,59.13854934618862,,47.61433846139835,,60.88621754600882,,,,50.10379763388405,47.07239583318589,54.67558580725982,,72.09028679070448,49.706987607958006,43.33359505887838,43.184730946800194,67.29632445912041,52.76437550820223,,46.05873115568999,19.457938685275522,0.3669610018563548,40.06096367270191,65.47574709175089,52.80525034653781,53.69005443872467,54.64906040623691,54.183945770165124,47.719616310728405,20,34.00591237440076,62.19025073288345,69.56260730723756,0,50.52161327474983,53.758559464109915,38.11378245399118,35.47312485292357,1.9902114740516677,55.58218435913423,15.664885822466873,65.67513492126831,53.32159117691958,8.338854088197362,37.24937447689093,48.277844325317886,49.91577941801259,,88.06818240267873,41.05185016146547,49.69005443872468,43.322600073090626,43.29404836676751,57.59833099189993,33.962587040882674,20,,6.343187290667915,45.0674763673633,,,,8.098488798212717,55.89212992040956,47.913546901000664,,,58.78018739511285,IN
US,,62.313232830346664,,33.9249963152588,,53.29628088377942,,47.54894262974164,2.95,,1.3512529707302199,,60.76468278892251,55.525293132138664,12.451057370258335,6927.543339984369,,,19.013012293173038,4.9294440955085,66.78386725250168,5.209827784780084,54.94983563654643,38.073829899237225,11.278543760577175,11.48,49.25489426297418,7.0789502341620425,49.62725083732829,56.890609514295114,59.98585567123764,75.83707862210838,83.51754082904353,65.06652839951498,51.8539078384659,52.901588712077285,,54.75927413994709,43.021959130453126,52.12064573185853,37.233477282383106,25.34461118103983,46.09013295638818,60.52936557784498,36.96769214221038,41.40783082075865,37.631566309807674,,33.43762906316688,,56.39416614326276,45.93184517201881,34.84095477365596,47.56076737854319,,,,,53.91590363159799,,45.939788628864,,57.01550460619032,,,,61.52345320344421,61.60583385673722,48.58729277956607,,71.9628396592174,47.471670396880455,43.33359505887838,37.17290619799867,65.06652839951498,47.77212781129739,,55.74510573702582,19.457938685275522,0.3669610018563548,50.308105632580926,63.14646204528607,46.00325338251637,52.11746231138001,47.84706344221549,64.68598199301833,44.35869189685825,20,30.145184254689344,62.55485500414238,64.07830820758669,0,44.535277952245735,51.579318990886655,38.16476130658601,29.43866360375589,1.9902114740516677,55.25082181726783,15.683747997926957,62.7020735084611,51.83506047051599,8.446419467172458,31.263039154386856,55.56821283469654,43.54710270104727,,79.89226351745882,40.52421903710891,62.56260730723764,38.16942594859897,52.67454983253433,58.31978723132277,48.105085873414254,18.929444095508497,,6.241229585478251,39.12135354174884,,,,8.246327470737736,55.21166771347453,60.556694932836834,,,52.207595267768156,KS
US,,63.80344430439833,,34.67010205228465,,38.78241991212476,,49.039154103793344,3.502,,1.3512529707302199,,53.31362541866413,56.73512091691873,12.451057370258335,7347.609085365795,,,19.599269098013632,4.903954669211085,68.27407872655333,5.082380653293004,56.15329106475215,39.640509652181144,11.660885155038418,9.92,50.74510573702582,7.129929086756877,49.69005443872468,58.37714022069868,60.78020580736983,75.02141698059111,82.67638976122878,66.55305910591862,51.91671143986226,51.66443157230536,,41.42426929855194,43.26318871593136,55.446984924552,40.17658605538749,25.026503140848078,50.23124476537116,46.372356574354164,37.82066795882659,41.95493352180593,44.500046732614265,,35.291041498571275,,59.61765860553876,46.071919338020855,34.158652638026496,49.458809673353514,,,,,54.89632657970136,,47.83783092367432,,58.22533239097041,,,,51.0155046061903,45.817501570211746,50.23044081140222,,72.11577621700188,48.96188187093213,43.33359505887838,38.73958595094261,66.55305910591862,48.16629395456017,,57.23531721107749,19.636364669357434,0.3669610018563548,35.692286955736606,64.68765237193257,47.67189084064995,54.44882485324641,49.51570090034908,53.38786118054446,43.274471314870866,20,33.98042294810337,61.47063442215502,64.43516017575048,0,45.80882930276937,53.54618273670006,38.59808155364206,30.977001004471163,1.9392326214568338,55.888057474703224,15.70219597020971,64.18860421486472,53.32159117691958,8.335795357041672,32.77874005473593,58.868173575864795,45.776507537724,,82.12205957706423,41.198414362675564,61.52936557784498,39.35376430708162,42.47247435084942,57.66888689639144,33.05594694951386,18.776507537724004,,6.19025073288342,40.607884248152445,,,,8.067901486655822,53.61765860553876,59.90579459790549,,,53.595849036630185,MI
US,,60.823021356294944,,34.45436189310382,,51.39823858896909,,49.78425984081918,3.476,,1.3512529707302199,,59.274471314870866,56.71147141931573,12.451057370258335,8460.732331773974,,,18.528713193522087,4.954933521805916,69.01918446357915,5.311785489969749,53.60873730633462,36.813023261862305,11.355012039469429,8.7,47.76468278892251,7.129929086756877,49.182105841470744,55.40407880789145,59.539436204065176,76.39784600065157,84.66456501242719,63.57999769311137,55.13429152773753,54.13874585184919,,52.76561666052546,40.28276576782804,57.69596681312541,40.91761934670699,24.846038002662365,52.48022665394457,59.039154103793344,36.64999427783987,56.12560720279266,41.82549690007992,,31.97925600860153,,57.9881752511985,43.3200989408808,32.19688677747263,52.625410908633924,,,,,54.84718765580093,,47.27890347382557,,58.20168289336738,,,,65.31362541866417,64.37235657435416,49.00878827782065,,72.90594843222173,45.98145892282879,41.843383584826675,35.988567839516016,63.57999769311137,52.52682578011275,,54.25489426297418,19.152065569706537,0.3669610018563548,45.09643791910643,61.70722942382927,45.507129534063964,54.24674937156152,51.13893390299219,67.35461945115188,61.06464353009077,20,28.196163107284175,63.61358615983239,68.41151067814747,0,42.994087625599235,50.20126099254365,38.26671901177566,31.798575020389237,2.0666797529439185,60.13519943458226,15.531448675799895,60.47227744885568,51.09179511731415,8.153036170489191,33.52384579176176,57.213200795227095,40.19616310728419,,77.66246745785341,39.22216933548453,51.59768896532456,36.0929576697067,55.36867671696537,57.6452373987884,47.02270522012127,16.329522613171996,,6.139271880288587,41.35114960135427,,,,8.32789363488947,54.91945927540142,61.61542608852683,,,51.63500314042346,MN
US,,70.5093959376308,,31.670102052284673,,46.278543760577186,,43.823413944612504,3.21,,1.3512529707302199,,53.31362541866413,49.837078622108415,12.451057370258335,6971.385153215926,,,19.650247950608467,4.827486390318839,63.05833856737249,5.107870079590418,51.53400348093083,30.622772528978803,10.692286955736582,10.48,45.52936557784498,6.90052425008013,57.23715713977191,68.78285516552401,55.183398725042636,74.25673419166857,83.08422058198745,57.63387486749692,47.54212234849617,58.29391492664562,,48.232178636974126,36.00422200725083,48.829326319013255,45.48061924226208,25.194733354411017,59.260806637374934,53.07830820758667,45.775601480632545,50.39823858896909,34.28837901913973,,41.71660944253224,,52.31178548996974,56.83395991253545,31.499803705841245,42.61174623113801,,,,,49.52764986273603,,52.91245927387219,,51.32729009616004,,,,57.033241729392586,51.962685824901094,45.014700652221414,,72.11577621700188,55.667833504164626,39.60806637374917,33.44737751286953,57.63387486749692,55.38203411374095,,48.29404836676751,19.406959832680705,0.3669610018563548,46.14925670039568,71.34262515257022,41.46206305586986,59.701879187526146,43.30587311556901,60.833006176402044,53.731441059529914,20,34.413743195159434,52.554855004142425,64.07830820758669,0,52.61673864119157,44.38060694097279,38.39416614326276,41.43397074913027,1.9392326214568338,54.56260730723763,15.655199840473854,73.85105380648824,46.63220299810332,8.335285568515722,43.21022037309761,54.722989321175476,41.65681270933209,,74.68940604504616,38.27661709505633,57.40967074945305,34.44389726346977,49.25489426297418,64.93560590816709,40.144239977207576,20,,6.470634422155003,51.013599192977765,,,,8.14436976554807,45.69596681312541,55.25082181726783,,,64.53711788094017,MO
US,,64.23492462276,,27.43478484120721,,43.67454983253433,,52.01957705189663,3.078,,1.3512529707302199,,53.31362541866413,59.562607307237656,12.451057370258335,6813.09581590896,,,19.39535368763429,4.801996964021417,56.78386725250165,5.082380653293004,45.11526787571789,42.72289030547411,10.947181218710755,10.73,53.725528685129134,6.926013676377541,53.94494870169883,61.350201633505925,49.173768411903175,75.53120550653944,83.51754082904353,69.52612051872582,56.171605702836416,58.72316272799534,,43.232178636974126,48.1298292100435,46.9390363272981,38.492443991063574,24.974504711201327,53.64498796053058,49.352779522457475,40.01091869171005,44.68046220693511,41.79632761639368,,38.5518481359462,,47.46064960204794,51.345588367178244,31.270398869164488,51.088293027693744,,,,,58.02968608558917,,49.467314278014584,,61.05281878128924,,,,53.25673419166854,49.51162845464274,53.13439548061332,,72.0393079381096,51.936191074692125,43.33359505887838,41.69451947274851,69.52612051872582,53.03293444867225,,44.56851968163834,19.814790653439328,0.3669610018563548,38.62173105124511,67.66807532003585,48.02690288011939,57.65865263802652,49.87071293981849,56.39377355494523,48.54894262974164,20,35,66.74510573702582,67.33320247056086,0,49.35001962941588,39.64569697446589,37.47654679655575,34.11036051035898,2.143148031836167,52.268558940470086,15.638567989814788,68.64819633407555,43.65914158529604,8.261876020779159,35.784652429136706,46.50724916199461,48.731441059529914,,85.83838634307327,40.96391164073937,51.487978957039736,41.82439872923662,45.911706972306256,61.77084460158112,35.934412192427494,20,,6.317697864370503,43.580945660959706,,,,8.047509945617884,59.04506647819407,48.360531825552656,,,57.28997592106115,ND
US,,65.72513609681155,,29.19946763012972,,43.864800565417745,,53.50978852594833,3.172,,1.3512529707302199,,53.31362541866413,61.46064960204793,12.451057370258335,6766.45016578469,,,19.344374835039456,4.776507537724002,70.19577051896664,5.133359505887835,45.20610984604139,40.25816825771993,10.845223513521091,10.27,55.21574015918082,7.027971381567211,52.805676821410245,62.83673233990958,49.86870978547546,75.40375837505229,83.59400910793579,55.40407880789145,58.75786250767702,60.519247317616006,,46.37920282035786,48.80437904257786,60.478386725250175,39.009984820107114,24.95921105542289,55.26264656606933,50.842990996509165,41.52661959205913,46.14518425468932,43.006155401173764,,36.7498511719248,,46.70779156192688,51.84,30.811589195810964,53.26671901177566,,,,,59.80028124891244,,51.645740262096496,,62.9508610760996,,,,51.964525753595474,51.81750157021174,54.67558580725982,,72.09028679070448,49.706987607958006,43.33359505887838,43.15924152050276,55.40407880789145,55.00744502237486,,46.05873115568999,19.891258932331603,0.3669610018563548,39.78057998343033,69.10730794149273,51.65822616315403,54.83707862210843,53.50203622285317,54.36237175424706,50.90579459790551,20,32.42556794396092,69.13892171739491,68.41558312385376,0,50.57259212734468,41.72471419598789,38.0118247488015,35.600571984410685,2.0666797529439185,55.3782689487549,15.676770267478037,70.87799239368104,44.4024069384979,8.442086264701896,37.24937447689093,46.54456333709353,49.91577941801259,,88.06818240267873,40.9052859602553,53.51346838333715,43.84988815553405,43.67638976122876,64.33161198012432,38.5716478498629,19.388253768861997,,6.343187290667915,45.0674763673633,,,,8.276914782294629,57.192090661577815,50.92129920409586,,,58.5762719847335,NE
US,,63.80344430439833,,28.454361893103904,,39.21574015918082,,52.76468278892251,3.373,,1.3512529707302199,,53.31362541866413,56.96452575359548,12.451057370258335,7334.60947795411,,,19.29339598244462,4.852975816616254,71.99960741168252,5.082380653293004,55.71742187506634,39.81893563626307,11.68637458133583,10.85,50.74510573702582,7.10443966045946,49.63907558612984,58.37714022069868,60.26659386747691,74.48613902834529,82.88030517160806,66.47024183383748,55.5912612723966,52.86243460828394,,39.72125083444314,44.15531863634092,59.04506647819407,38.5962416249477,25.04179679662651,53.829326319013255,46.372356574354164,38.63632960034396,40.45105737025836,38.99433065237225,,35.189083793381606,,59.209827784780096,47.804398040531716,35.77723120791246,53.74510573702582,,,,,56.34922387865411,,48.3985983022175,,58.454737227647115,,,,49.537117880940144,45.94494870169883,50.07750425361774,,71.9628396592174,48.96188187093213,43.33359505887838,38.688607098347745,66.55305910591862,49.67017010610771,,57.23531721107749,19.91674835862901,0.3669610018563548,34.29036850937867,64.66216294563515,48.74244674514143,53.27631124356526,54.31178548996974,53.336882327949624,45.28813599236677,20,33.80199696402142,63.484299099650926,64.30771304426337,0,45.86063869948267,53.3218757852828,38.39416614326276,34.64152107616858,1.9902114740516677,56.85665567400506,15.685819013813626,64.18860421486472,53.32159117691958,8.478281250044233,36.504268739865076,48.14448481943001,44.98633532250406,,82.12205957706423,40.846660279771264,49.17435353837559,38.92044406002555,42.243069514172646,57.05714066525342,33.84611916473375,19.694126884430997,,6.368676716965338,44.32421101416152,,,,8.225935929699803,54.40783082075865,59.294048366767484,,,53.49389133144048,OH
US,,62.744713148708314,,27.92499631525887,,40.78241991212476,,54.25489426297418,2.948,,1.3512529707302199,,53.31362541866413,60.03508165808697,12.451057370258335,6813.860498697892,,,19.522800819121386,4.827486390318839,55.29365577844994,5.133359505887835,60.13859179145747,41.207189405125035,11.329522613172001,11.48,52.23531721107749,7.0789502341620425,53.34686714805672,59.86367092710237,63.0822555089942,75.58218435913427,83.36460427125903,68.0395898123222,59.29905283432353,55.93299051277544,,42.50664995184492,46.435702325612546,57.88437761731442,39.34725973637426,25.359904836818284,52.668637458133574,47.86256804840578,38.82658033322736,42.47654679655576,41.937439425376674,,36.42440100445911,,45.97043812799624,50.13576058239814,35.388057474703224,54.11378245399118,,,,,55.80028124891244,,48.76727501918283,,61.52529313213865,,,,52.403758375052305,48.480226653944555,51.72065228545389,,72.11577621700188,50.45209334498381,34.39232621456832,40.15332914610203,68.0395898123222,49.9878679704782,,58.725528685129134,19.381470406383272,0.3669610018563548,40.13927188028859,66.10139556709196,44.80341041784336,52.11562238268558,50.37274916267169,53.09381281377701,46.90579459790551,20,32.52752564915059,65.13892171739491,65.5116284546427,0,47.57942446609264,54.419550094354214,38.037314175098906,36.32018829513908,2.1941268844310002,50.50978852594833,15.70219597020971,66.41840027447017,54.06485653012144,8.284816504446834,37.96899078761936,47.136732516334945,48.59216917924135,,83.60859028346779,41.11047584194951,53.468401905143075,41.1243594704049,44.34502721936232,59.923781159365625,34.92849981802672,20,,6.215740159180838,45.81074172056511,,,,8.14436976554807,59.31362541866414,62.16068886087966,,,55.28997592106116,SD
US,,60.823021356294944,,34.66796980066888,,51.11785489969748,,49.78425984081918,2.997,,1.3512529707302199,,53.31362541866413,58.60176141103091,12.451057370258335,7090.420774024865,,,19.557690419683183,4.776507537724002,69.01918446357915,5.209827784780084,57.62102203730977,36.89821394089499,11.278543760577175,11.05,51.49021147405167,7.10443966045946,47.67822968992315,59.12040557390055,62.00578723010194,75.70963149062136,83.28813599236675,63.57999769311137,53.630415376189916,52.19214927898114,,40.973296945368936,41.08098260906445,55.35093959376309,40.15293655778451,25.12744126898583,50.135199434582255,59.039154103793344,35.59688317362929,44.30587311556901,44.293999070619165,,32.92236478160594,,42.47247435084942,47.60639500455313,33.76448649476373,50.739193362625066,,,,,56.25317854786517,,45.39268592781675,,60.091972885082605,,,,64.70187918752617,61.16068886087966,51.84218704254024,,72.90594843222173,45.98145892282879,43.33359505887838,39.53567054056327,63.57999769311137,52.86226076768554,,54.25489426297418,19.279512701193628,0.3669610018563548,37.278543760577165,61.61263857053217,46.63273673685661,50.80567682141025,48.47654679655576,67.07423576188029,46.135199434582255,20,29.57259212734466,60.605833856737235,66.04099403248772,0,46.47746676090295,50.733990002159665,38.75101811142656,31.773085594091835,2.0411903266465,59.49796377714683,15.727080022632556,60.47227744885568,51.09179511731415,8.435968802390514,33.54933521805919,57.89353835048438,47.69412688443099,,82.86532493026607,41.11047584194951,49.60951371412603,39.78563007664585,55.29220843807312,54.89237935866744,46.835556835898856,20,,6.317697864370503,41.35114960135427,,,,8.292208438073082,52.243069514172646,60.85481574531068,,,54.44291247884565,WI
US,,62.313232830346664,,34.9798435666065,,50.05505129830117,,47.54894262974164,2.944,,1.3512529707302199,,60.76468278892251,55.88214510030249,12.451057370258335,7265.023344162164,,,19.26197867615698,4.903954669211085,66.78386725250168,5.031401800698169,52.86225162278801,34.56985172421287,10.921691792413343,11.48,49.25489426297418,7.002481955269792,60.12153475708633,56.890609514295114,59.42253935006472,74.69005443872464,83.03324172939253,65.06652839951498,50.42649996581059,50.384063388623254,,56.35574186411885,42.57885811024342,51.535277952245735,53.972670645008165,25.317082600638614,46.31953779306489,56.80383689271581,36.82453635757948,40.31178548996974,40.92948307532804,,29.72130229715785,,56.21574015918082,43.97857488864424,32.64886411207819,48.40191844635794,,,,,55.03743838868436,,46.780939696678765,,57.37235657435418,,,,60.147024183383735,56.75877041452176,48.86767646883766,,72.24322334848898,43.746141711751314,43.33359505887838,37.198395624296076,61.350201633505925,47.00744502237486,,55.74510573702582,19.355980980085874,0.3669610018563548,49.92576423811968,63.083775972956026,48.424748880770956,49.84483092520354,50.268558940470086,64.02325690928548,43.721456239422814,20,28.356851968163834,61.91761934670699,64.02732935499188,0,44.61174623113801,47.68556009219458,38.0118247488015,29.716194367096236,2.2960845896206665,59.88989740339767,15.720229739315128,62.7020735084611,48.86199905770871,8.522123063275785,31.314018006981687,56.15446963953714,45.43332024705608,,79.89226351745882,40.729408918803124,59.60583385673724,38.30858029982132,53.59216917924135,56.48454853790877,44.565837498938926,17.043226549499668,,6.292208438073087,39.12135354174884,,,,8.287110552813601,47.68821451003026,58.72145623942286,,,52.207595267768156,AZ
US,,69.45066478194079,,32.19558372578733,,47.71777638203403,,45.31362541866413,2.846,,1.3512529707302199,,54.80383689271581,50.43516017575051,12.451057370258335,5819.772873098643,,,20.45998171213561,4.674549832534336,61.99960741168249,4.903954669211085,52.186887301112414,32.156108529053405,10.615818676844341,11.9,47.01957705189663,6.875034823782709,55.86106609700781,70.26938587192765,54.56945805824254,73.44107255015123,82.16660123528041,55.98594273418653,46.22849692983202,57.72541075059677,,49.34982948971815,35.67490344103235,48.13892171739488,49.74917818273217,25.460842964956036,42.88621754600882,54.568519681638335,47.53048799081199,51.68453465264142,40.17255258950066,,43.71660944253224,,52.65497278063768,44.15533763429475,34.83891855080283,41.858888191016995,,,,,49.106154364481434,,36.51238075620865,,51.925371649802166,,,,56.739193362625066,52.6372356574354,46.12257073181184,,71.73343482254062,57.158044978216296,41.09827784780084,34.86112070802893,59.12040557390055,55.801689683301134,,49.78425984081918,20.60496286865924,0.3669610018563548,50.36683678827092,57.046461797857084,43.895383302925964,61.268558940470136,45.739193362625066,60.6409155148242,53.05505129830117,20,27.54894262974166,51.87846524291367,61.75877041452177,0,42.223492462276,45.786703308242956,38.31769786437049,42.89869279688449,2.0157009003490844,57.16844116397481,15.913120972820831,75.33758451289185,47.37546835130513,8.592473879856655,44.72592127344672,53.00153308175265,43.75877041452176,,76.91920210465162,40.61690093612684,57.345027219362315,36.43011505690764,50.668637458133574,46.85322525487408,42.12660487748208,20,,6.292208438073087,36.89155748214341,,,,8.246327470737736,43.23531721107749,52.81566164151736,,,49.156616415173325,NM
US,,65.29365577844993,,35.96026651470983,,42.15884893218525,,50.52936557784498,3.134,,1.3512529707302199,,53.31362541866413,55.446984924552,12.451057370258335,6986.933703257353,,,19.414915233941475,4.903954669211085,57.84259840819161,5.00591237440075,55.464156590374735,41.301292783742795,11.43148031836168,10.57,52.23531721107749,7.002481955269792,50.033241729392586,59.86367092710237,60.61675490695466,73.51754082904353,81.6823021356295,66.09972518817774,52.25989873053018,52.06452559555835,,42.159578756834726,45.04949253239842,54.28629606367233,42.482459170956524,25.34461118103983,49.07055590449152,47.86256804840578,40.34023725792855,41.66088515503842,43.98637430232363,,37.291041498571275,,45.18026591277631,47.688775657846115,34.151820299278505,50.49021147405167,,,,,56.92181600599879,,48.869232724372495,,56.93719639860365,,,,49.625410908633924,43.66272508373281,51.1089060543159,,71.50402998586385,50.45209334498381,43.33359505887838,40.051371440912355,68.0395898123222,49.095738050068626,,58.725528685129134,20.91083598422823,0.3669610018563548,37.080540724598585,66.06419892105934,51.583597812956185,54.46064960204793,53.42740787265532,55.33688232794961,42.59808155364206,20,35,60.79424466092627,65.71554386502207,0,47.47746676090295,54.643857045771504,38.24122958547824,32.722106741496994,2.3470634422155006,60.731048471212425,15.729405932782207,66.41840027447017,54.06485653012144,8.458909286058194,34.37090923397729,59.44076570320947,47.41965556956017,,83.60859028346779,40.9052859602553,45.307713044263394,41.110577263842714,44.72736861382359,57.859137629274876,35.03831184978834,17.986335322504083,,6.139271880288587,42.09441495455613,,,,8.169859191845486,53.756930485827354,60.09604533078892,,,55.79976444700947,NV
US,,58.27407872655326,,34.37843514429686,,51.04138662080527,,49.78425984081918,2.74,,1.3512529707302199,,59.274471314870866,52.09788525948331,12.451057370258335,5818.243507520797,,,19.79428274845638,4.700039258831753,66.47024183383748,4.954933521805916,54.46900544387248,36.422084070842544,10.590329250546926,13.55,47.76468278892251,6.875034823782709,44.721456239422814,59.12040557390055,56.67315021692072,73.59400910793579,82.06464353009068,62.54671011272972,50.67364192568959,45.71064750734087,,54.966001155283706,41.65090095470812,54.1,34.035474246404526,25.28649528908172,48.80974926711655,59.039154103793344,35.12892253317527,39.18249842978825,40.05360333814752,,31.97925600860153,,40.89212992040956,51.22589353878628,34.60563756257849,45.94718121871076,,,,,54.117965277164046,,40.600673783902415,,53.588096733535,,,,61.43923262145681,56.852975816616265,50.414779169884895,,71.55500883845866,45.98145892282879,43.33359505887838,35.55524759245993,63.57999769311137,44.548635349021374,,54.25489426297418,20.808878279038566,0.3669610018563548,38.11969482839193,61.62277127513466,46.964099278723054,48.97043812799624,48.807909338422185,65.54487018403533,42.668637458133574,20,32.01957705189663,57.13927188028859,62.31953779306489,0,43.26172660172211,49.61245524507333,37.73144105952991,31.773085594091835,1.9902114740516677,58.223492462276,15.825118728529004,60.47227744885568,51.09179511731415,8.496123848452417,33.54933521805919,56.65650586239031,43.790172215219904,,77.66246745785341,41.46222992485386,45.1743535383756,36.43231008137544,55.29220843807312,50.91602885627045,46.47053563813659,20,,6.521613274749834,41.35114960135427,,,,8.215740159180834,48.75101811142656,53.15293655778451,,,53.0155046061903,OK
US,,59.33280988224332,,35.92737777403848,,50.035474246404526,,48.29404836676751,4.136,,1.3512529707302199,,53.31362541866413,54.970438127996246,12.451057370258335,8142.1145030562775,,,18.672747991370006,4.9294440955085,67.52897298952746,5.107870079590418,54.36439332084711,35.31421399125212,10.794244660926255,6.6,50,6.926013676377541,61.78425984081917,57.63387486749692,59.85285067231747,74.48613902834529,82.54894262974173,62.09346698670778,52.08922504954343,48.50265965125517,,51.81897697189995,39.4724749706262,54.16660123528043,51.09827784780083,25.090736495117564,48.950861076099606,57.54894262974165,33.66420048542105,40.64906040623691,38.512413011500996,,31.355685028662005,,59.20391541037932,43.43979376927268,31.451781040446807,51.33911484496158,,,,,56.34331150425334,,45.99260741015322,,56.4606496020479,,,,62.26855894047012,54.088293027693744,49.07750425361774,,71.7079453962432,44.491247448777145,43.33359505887838,37.790564803537436,62.09346698670778,45.305565834848686,,52.76468278892251,20.57947344236181,0.3669610018563548,49.39639866027469,60.26000693257009,49.09338633890451,48.397846000651576,50.93719639860365,64.66640494112164,43.88030517160807,20,30.401918446357925,58.35093959376309,67.51938075773785,0,45.56076737854319,47.98205192638589,37.60399392804284,30.56325780931175,2.321574015918083,61.93312395289729,15.540975348878554,79.80107526419613,49.60526441091054,8.22644571822575,32.059123744007515,59.83085940076589,42.73735343393067,,80.63552887066054,40.172464954204564,60.911706972306256,37.775497372043354,54.64314803183615,55.36485370951681,44.87836645889528,16.58441687614616,,6.292208438073087,39.86461889495066,,,,8.195348618142903,50.0646435300908,61.327290096160056,,,54.482066582639014,TX
US,,60.077915619269184,,35.509209144451475,,48.40599089206428,,45.31362541866413,3.208,,1.3512529707302199,,58.52936557784498,52.24490944286711,12.451057370258335,8644.001306852402,,,18.854147855398303,4.903954669211085,64.54855004142414,5.209827784780084,50.86780949022112,32.56393934981209,10.666797529439169,9.89,47.01957705189663,7.053460807864625,59.77243509201764,70.26938587192765,58.21444601877313,74.99592755429366,83.44107255015123,62.83673233990958,50.07740030074192,51.054540775451244,,52.48910137000674,40.70039286732978,53.48022665394457,45.08461317030495,24.81545069110546,48.26448649476373,54.568519681638335,33.51866324201047,52.88253768862,34.76879421444837,,43.640141163639946,,58.21166771347453,43.64554910834642,31.81158919581097,46.72736861382359,,,,,54.89225413399501,,45.138836552636626,,53.73512091691873,,,,60.43516017575048,58.09197288508262,47.295084341492974,,72.90594843222173,57.158044978216296,41.09827784780084,35.06503611840829,59.12040557390055,63.98786797047821,,53.50978852594833,19.152065569706537,0.3669610018563548,44.01996964021419,60.89943761447331,47.132540442697845,64.99001517989286,48.976350502397004,62.68006961861755,59.07055590449152,20,24.745105737025835,61.61949853423315,68.13112698887588,0,43.23032480102394,43.57167216299746,36.94126884431,43.20456591245351,2.2960845896206665,60.09972518817775,15.60884094639543,75.33758451289185,47.37546835130513,8.341148136564126,44.72592127344672,57.61511924158502,41.43923262145681,,76.91920210465162,38.77019200087901,61.19393059027224,34.46742923200655,51.586256804840566,56.90013166176261,42.35600971415882,15.411903266465007,,6.037314175098919,36.89155748214341,,,,8.292208438073082,47.10971000828483,60.487978957039736,,,51.09381281377701,UT
US,,59.01918446357916,,34.41307553769476,,52.11785489969748,,50.52936557784498,3.453,,1.3512529707302199,,53.31362541866413,57.28222361796598,12.451057370258335,6836.291193839614,,,19.302796156709007,4.827486390318839,67.2153475708633,5.107870079590418,58.98552083336282,37.286467709757005,11.864800565417761,10.41,52.23531721107749,7.129929086756877,46.91945927540142,59.86367092710237,60.96153524104916,74.63907558612978,82.77834746641844,63.011432160484006,52.87164496166819,51.051037469998164,,41.50451770022918,41.97902490387479,53.852975816616265,35.902114740516666,25.396609610686557,48.6372356574354,59.78425984081918,36.189052352870604,43.0118247488015,40.57845520559707,,32.69436370996509,,43.59992148233649,47.000561147815866,33.5635272715848,49.31769786437049,,,,,58.323734452356646,,43.97119042956217,,58.77243509201766,,,,63.13893866251291,55.55892744984876,51.338310890992624,,71.73343482254062,46.726564659854674,43.33359505887838,40.07686086720977,64.32326304631322,49.0702486237712,,55,20.98730426312048,0.3669610018563548,39.11969482839193,62.28127602866573,47.73469444204626,50.09788525948331,49.57850450174542,65.0919728850826,45.17251360968117,20,31.56667975294391,59.64314803183615,64.8743927972073,0,47.821574015918095,50.161292399609046,37.55301507544801,32.416233625928,1.9392326214568338,52.90579459790551,15.677630535615577,61.21554280205749,51.09179511731415,8.356186898079605,34.268951528787596,59.721149392481045,46.83339876471957,,83.60859028346779,40.81734743952923,48.2135076421689,40.70916179775362,55.731441059529914,56.17276304793902,47.55517314662732,20,,6.266719011775665,42.09441495455613,,,,8.287110552813601,50.541190326646486,62.13519943458225,,,55.39193362625083,AK
US,,71.99960741168252,,35.56794030014149,,46.92760416681411,,45.31362541866413,4.301,,1.3512529707302199,,54.80383689271581,51.11930224007443,12.451057370258335,10391.046585277363,,,18.216912197962838,5.082380653293004,64.54855004142414,5.107870079590418,46.47700677872935,32.84432303908369,10.488371545357259,6,43.29404836676751,7.0789502341620425,59.721456239422835,66.55305910591862,53.84276037700444,75.45473722764719,83.67047738682798,59.12040557390055,50.02642144814711,62.67035945229561,,45.27152128213148,35.470988030653,52.86848042280658,55.586256804840566,24.888860238842025,47.652740263625745,54.568519681638335,46.25601667594116,50.253054334279746,40.499842685660774,,44.83814419961851,,57.646827889224966,54.13983302810448,27.82932631901326,49.046906406888496,,,,,51.39613028554258,,43.70039897208014,,52.60951371412601,,,,58.52345320344423,57.63316321172907,59.03835014982439,,72.72752244813988,57.158044978216296,37.37274916267167,31.339507433279092,59.12040557390055,59.87999789088781,,49.78425984081918,19.177554996003956,0.3669610018563548,41.54342284365846,57.14841950304672,60.63457666555104,65.39784600065157,50.556694932836834,63.39377355494525,53.91761934670699,20,27.54894262974166,56.46656197644862,75.65865263802651,0,54.33635495191998,45.3661277743356,36.445144995857575,39.22414296435016,1.9902114740516677,61.578111913427854,15.464538931769175,75.33758451289185,47.37546835130513,8.132134840925309,41.051371440912355,56.9993005647407,51.14334432599491,,71.71634463223894,34.311842309699074,55.22533239097039,31.07326308874378,50.821574015918095,53.17460297663345,43.42656561865036,15.411903266465007,,6.164761306586001,36.89155748214341,,,,8.50631961897139,49.327290096160056,57.52713306083304,,,63.72920854251793,CA
US,,69.01918446357915,,33.25431488147731,,44.100117776495274,,57.98042294810337,3.309,,1.3512529707302199,,53.31362541866413,63.22533239097037,12.451057370258335,8598.885022305969,,,19.083552692075052,4.903954669211085,61.56812709332083,5.235317211077499,44.34538172633001,45.17975802665645,11.227564907982332,9.19,55.960845896206656,7.129929086756877,57.65865263802652,63.57999769311137,52.10494696090018,75.88805747470319,84.58809673353502,56.14734416109328,63.61083832429324,62.36632626542099,,44.35574186411885,32.872906477010865,51.238997068466304,48.78241991212476,24.72674748759045,61.67047738682803,51.58809673353499,43.30108315413523,50.535277952245735,37.90583357772501,,41.06754903629528,,50.20575533907373,51.490772621867535,30.773355056364863,43.46656197644862,,,,,51.65693692291752,,53.76727501918283,,64.71554386502207,,,,57.86256804840579,54.65274026362575,56.185374333208145,,72.85496957962691,54.17762203011295,38.117854899697484,43.95532611012346,56.14734416109328,56.568212400918014,,46.80383689271581,19.279512701193628,0.3669610018563548,39.0218095689086,69.81521703248583,55.74244674514143,60.429247801349746,45.664565012427246,60.05649863867804,52.64498796053058,20,30.615818676844345,70.84115106781472,66.60176141103089,0,51.47063442215502,42.13335950588782,37.70595163323249,40.147674685457915,2.1941268844310002,58.946788630393264,15.601480874552038,71.6212577468828,45.14567229169972,8.259072183886445,41.7964771779382,55.32291080351195,49.89620236611595,,67.25675251302805,36.05358461495392,58.36644419995344,44.14789143894167,48.37642902006053,65.84140050607259,39.910864718301255,15.845223513521091,,6.266719011775665,49.527068486574166,,,,8.399264028522243,48.258574120362994,52.55853486153122,,,60.1370393632767,CO
US,,57.84259840819161,,33.25431488147731,,50.074628350197834,,46.80383689271581,3.903,,1.3512529707302199,,56.29404836676751,50.79976444700949,12.451057370258335,8116.879971021824,,,18.905126707993126,4.954933521805916,66.03876151547585,5.235317211077499,48.50631961897138,34.20708738164827,11.68637458133583,8.06,44.78425984081918,7.155418513054293,61.18617828717706,68.0395898123222,54.80279178406981,75.53120550653944,83.82341394461251,60.60693628030414,51.491143495901305,49.91526889516267,,50.381231290416274,36.75728409432536,53.10971000828483,55.852975816616265,25.038738065470834,47.89396984910398,56.05873115568999,48.30699552853599,52.482459170956524,40.7155828448416,,45.946014279208974,,53.9881752511985,56.9554946696218,28.989095215545703,48.268558940470086,,,,,51.8667647076976,,42.92205150566173,,52.28997592106116,,,,60.80383689271585,60.091972885082605,61.44618097058306,,72.90594843222173,43.00103597472546,38.86296063672333,32.95716603881784,60.60693628030414,63.89366256838368,,51.274471314870866,19.152065569706537,0.3669610018563548,45.684534652641425,58.613141550801004,58.58175788426179,47.16252878957407,48.50387615154762,63.329130024854486,56.911706972306256,20,27.968598199301827,59.46064960204793,68.15661641517335,0,55.57167216299746,47.417106626930426,38.445144995857575,40.61239673321217,1.9137431951594177,61.87032035150102,15.629073178519,77.5673805724973,48.86199905770871,8.28150287902817,30.594401696253264,54.33473555231345,54.596241624947695,,73.20287533864251,36.59350047028555,57.35277952245752,32.945815957256734,52.005912374400765,54.56285674549544,44.50894627194331,16.15109662909009,,6.292208438073087,38.378088188547046,,,,8.424753454819657,50.43516017575051,56.799764447009466,,,64.3018006698627,HI
US,,67.96045330788913,,31.45047798876154,,45.51386097165467,,43.823413944612504,3.015,,1.3512529707302199,,53.31362541866413,63.39009369755649,12.451057370258335,6774.351887936888,,,19.516872939131137,4.87846524291367,60.5093959376308,5.056891226995583,47.70524261929714,30.665897055001718,11.278543760577175,11.04,57.45105737025836,7.0789502341620425,56.16660123528043,65.06652839951498,51.275620641886924,74.86848042280657,82.49796377714688,57.45250471063526,46.47156644400466,59.19197272704545,,46.73808325858014,35.84150467631275,48.243069514172646,44.89436243742151,25.265084170991894,58.67454983253433,53.07830820758667,43.79720700258763,47.8452235135211,33.35505101928894,,41.71660944253224,,49.09604533078892,56.14167295679887,31.52529313213866,42.138574888644236,,,,,48.25317854786517,,52.35169189532902,,49.233084694065575,,,,56.243069514172646,52.829326319013255,45.11665835741106,,72.21773392219147,55.667833504164626,39.60806637374917,45.369069305282835,57.63387486749692,54.79577730890037,,48.29404836676751,19.993216637521254,0.3669610018563548,43.23938965678384,71.25444965394271,40.87580625102928,61.18026591277635,42.719616310728405,60.62909076602271,49.776507537724,20,35,52.32545016746567,66.06648345878517,0,52.78241991212476,44.016108144919706,35.08238065329301,41.8672909961863,2.5,54.79201214391431,15.672373341441727,73.85105380648824,46.63220299810332,8.298580794647439,43.184730946800194,52.25051497032603,52.762842860228105,,69.48654857263345,38.04211437312009,57.40967074945305,46.24984914413135,50.554855004142425,65.36892615522314,40.96775594529683,20,,6.470634422155003,51.013599192977765,,,,8.31259997911102,46.28222361796597,51.95861337919471,,,61.015504606190326,ID
US,,64.98003035978579,,29.195583725787387,,42.762842860228105,,56.49021147405167,2.879,,1.3512529707302199,,54.05873115568999,46.525293132138664,12.451057370258335,6035.668313837755,,,20.038798650875147,4.751018111426585,57.52897298952748,5.031401800698169,50.1020631803956,43.35818401073839,10.51386097165467,12.49,42.54894262974164,6.926013676377541,54.28222361796597,65.80979375271671,51.24202440552665,74.84299099650916,82.75285804012105,56.99960741168243,60.234409304232734,56.13508150004982,,49.49685367310186,36.12780073998508,43.40191844635794,43.46879449346061,25.48837154535725,53.83339876471957,50.09788525948331,43.08534299495439,47.13743195159422,47.398277568788615,,38.64048653557955,,47.36867671696537,55.026050574113256,34.27815117225966,54.08054072459858,,,,,46.34331150425334,,48.73403328979027,,48.015504606190305,,,,53.772435092017666,50.12928706018151,57.63051932906571,,72.06479736440701,52.68741055606131,36.627643425645836,30.492443991063602,70.26938587192765,57.01926977117637,,49.039154103793344,19.738322374547092,0.3669610018563548,45.429564642601875,56.275866634533806,52.49753730227438,55.09013295638818,54.341347361973504,55.711471419315714,51.59216917924135,20,35,54.141111808983005,69.1389386625129,0,53.13243954154065,41.9048746335583,36.61765860553876,38.65746321140626,2.168637458133584,51.12153475708633,15.793989766663287,69.39146168727741,44.4024069384979,8.488731914826168,40.178818572399436,48.938729480356294,54.14518425468932,,70.22981392583527,35.91176379203561,53.61358615983244,47.487985274018115,46.88621754600882,59.12585664105053,37.12069250308136,20,,6.292208438073087,48.04053778017054,,,,8.13927188028859,56.374589091366076,49.44107255015124,,,60.02732935499185,MT
US,,57.84259840819161,,35.489632092554864,,49.64130810314175,,46.80383689271581,3.205,,1.3512529707302199,,56.29404836676751,55.51938075773792,12.451057370258335,8184.426950709981,,,18.93061613429054,4.954933521805916,66.03876151547585,5.209827784780084,53.539455873158026,33.90121426607929,11.100117776495257,9.87,48.50978852594833,6.90052425008013,61.82341394461249,56.14734416109328,59.19104555293184,75.3018006698627,83.6959668131254,60.60693628030414,52.12837915333676,48.232966759533184,,47.8067992343772,37.11413606248917,52.09013295638818,54.247141959879016,25.161087311698427,46.87439279720734,56.05873115568999,47.97563298666961,41.40191844635794,43.54898160956121,,45.946014279208974,,58.554855004142425,43.40247959417381,31.04099403248776,49.823413944612504,,,,,55.107994293175814,,44.476906509804174,,57.00959223178957,,,,60.49796377714683,58.12928706018149,48.75980638924722,,72.88045900592435,43.00103597472546,42.588489321852514,36.55524759245994,60.60693628030414,50.08575322996152,,51.274471314870866,19.152065569706537,0.3669610018563548,49.817894158529256,58.58765212450357,46.86398150222777,49.278151172259655,48.70779156192688,63.711471419315735,59.209827784780096,20,27.382341394461253,58.033241729392586,67.57035961033274,0,43.586256804840566,47.55729847156621,38.57259212734468,44.567330255018106,2.143148031836167,58.9645257535955,15.586951901562513,77.5673805724973,48.86199905770871,8.184643059097988,30.619891122550683,59.76805579936951,40.89028999171517,,78.40573281105519,40.348341995656746,61.613586159832415,36.390960953114316,52.69412688443099,54.30796248252129,44.02464717229243,16.15109662909009,,6.19025073288342,38.378088188547046,,,,8.32789363488947,50.664565012427246,60.27039886916452,,,52.68598199301833,OR
US,,66.78386725250168,,33.31103974024305,,41.584416876146165,,55.74510573702582,3.54,,1.3512529707302199,,53.31362541866413,61.32137772175934,12.451057370258335,10419.849636993416,,,18.736352807558518,5.107870079590418,59.33280988224332,5.133359505887835,42.534463463104466,43.284588734931596,11.176586055387506,7.99,53.725528685129134,7.027971381567211,55.040994032487745,61.350201633505925,48.991519013876655,75.68414206432392,83.72145623942282,69.52612051872582,60.9931797187545,58.71943852433826,,40.353735567194605,46.06332357812425,47.34686714805675,45.807909338422185,24.9255650127103,57.77834746641844,49.352779522457475,41.79704063435778,45.95493352180593,50.23518982266715,,38.44989043075656,,50.544870184035325,48.59273032705718,29.065563494437928,59.809749267116565,,,,,51.1549007000643,,54.46324183230824,,62.81158919581101,,,,53.46064960204793,52.366444199953406,53.873588843238416,,72.77850130073472,51.936191074692125,35.88253768862,41.7964771779382,69.52612051872582,56.06617617806487,,44.56851968163834,19.152065569706537,0.3669610018563548,36.96491834191302,67.53597293397743,51.977763956218915,59.49389133144051,57.54710270104727,58.20352282206181,48.47247435084942,20,32.65497278063768,66.66863745813359,71.15661641517335,0,49.13335950588782,40.13926464334633,37.90986704361182,37.88686804808296,2.143148031836167,58.00367985738882,15.472185759658398,68.64819633407555,43.65914158529604,8.08931260474565,39.56115996686068,54.48951203879238,44.72960113083551,,85.83838634307327,33.378574800245985,53.76061034321615,41.03888176858806,46.0646435300908,63.6060832949951,37.411867866763394,15.411903266465007,,6.011824748801506,47.29727242696876,,,,8.348285175927403,58.13892171739488,52.107477491272945,,,58.513468383337134,WA
US,,59.01918446357916,,33.2131544807597,,49.56483982424949,,46.80383689271581,2.946,,1.3512529707302199,,60.01957705189663,52.86848042280658,12.451057370258335,6765.175694469824,,,19.118694202019785,4.903954669211085,63.48981888573414,5.133359505887835,55.386164808405866,33.88451021726807,11.482459170956503,11.38,48.50978852594833,6.926013676377541,59.07055590449152,56.14734416109328,58.06441291058602,74.94494870169883,83.05873115568996,64.28590347535484,49.375521113215754,50.31752007798034,,53.84394704124625,42.93771637533157,50.38234139446124,44.73958595094261,25.366022299129664,45.16660123528043,56.05873115568999,35.3068291603061,37.11969482839191,37.34713234796391,,45.385246900665784,,56.03140180069816,47.557256080652714,33.44882485324641,45.56667975294392,,,,,52.04926313748586,,43.945701003264745,,54.35869189685825,,,,58.61174623113801,53.84706344221549,47.40886679548415,,71.52951941216129,43.00103597472546,42.588489321852514,36.351332182080604,60.60693628030414,44.27416403415055,,55,20.57947344236181,0.3669610018563548,50.32768268447759,62.243764495904415,41.8680539479341,45.658652638026496,43.71186400763323,61.67231731552244,57.27263138617641,20,29.039154103793337,59.821574015918095,65.3782689487549,0,43.586256804840566,47.55729847156621,38.57259212734468,44.36341484463874,2.0157009003490844,52.625410908633924,15.667211732616511,61.21554280205749,48.86199905770871,8.413793001511761,30.568912269955845,55.46034275510613,42.47063442215502,,78.40573281105519,40.52421903710891,59.39600607195719,36.689782103519406,52.08238065329301,55.22965427493462,43.40411556366822,20,,6.317697864370503,38.378088188547046,,,,8.205544388661865,47.47838672525017,57.46656197644862,,,51.360531825552656,WY
US,,62.744713148708314,,49.60548069532807,,46.12560720279266,,51.274471314870866,8.5,,1.3512529707302199,,53.31362541866413,56.193930590272245,12.451057370258335,6862.800197188924,,,29.192809124507296,4.87846524291367,62.744713148708314,5.082380653293004,51.07565378975099,38.38063406572048,11.68637458133583,3.46,50,7.129929086756877,53.72145623942281,62.83673233990958,54.91876867372307,74.99592755429366,82.574432056039,62.83673233990958,54.45790176650875,52.99798228491546,,48.97914647582848,39.43975259818472,52.34502721936232,55.837078622108415,25.130500000141517,52.34502721936232,53.823413944612504,41.4597657180906,47.83339876471957,50.874265408796965,,37.42440100445911,,50.38234139446124,54.32785124397594,51.75877041452176,47.45105737025836,,,,,52.329646826757454,,45.084972883553334,,56.193930590272245,,,,51.80974926711655,54.307713044263394,52.567715727669366,,72.21773392219147,50.45209334498381,41.843383584826675,37.99448021391677,62.83673233990958,53.52905829712471,,51.274471314870866,21.998729619117707,37.62224785314803,42.81198178412851,63.78495482255088,49.24448296799463,54.970438127996246,48.852975816616265,60.578111913427854,50.1,42.35317211077504,46.176586055387496,52.57443205603907,58.30955297295784,37.25528685129168,48.916699382359795,48.05005888824762,45.79424466092627,36.93784690067784,37.459202261671045,53.925371649802166,15.652172971101038,57.49921603604845,57.78118329613043,8.386519315373526,37.99448021391677,53.652433416683955,48.49612384845238,,62.797160393817244,41.257040043159634,53.21166771347453,38.87412046200205,49.86106609700781,58.229654274934596,41.52565032075457,20,,6.241229585478251,43.580945660959706,,,,8.276914782294629,50.994087625599235,55.25082181726783,,,57.08606051068182,DC
UK,,155,,74.33407224832693,,35,,55,1.204,,1.3512529707302199,,63,72,5,16800.830769537333,,,22.702078585666126,1.2100000000000002,160,2.12,40,7.176903733469485,-2.5,13.55,50,2.4393793461215636,55,100,68.52588068625009,88,91.01413277867381,100,56.824608991896625,73.61404700048978,,55,17.938574888644233,60,32,15,60,65,5,38,22.065095709172983,,0,,58,29.84035320222763,49,55,,,,,70.72847992435291,,40.0627666586536,,72,,,,65,65,61.95209334498381,,79.1515723827775,38.45209334498381,22.361061337487076,3.2,100,78.48581656773213,,48,12,0.8315289235761388,17.688646291977534,100,92.75984102288486,60.10849284862165,92,94,52,20.046245872678675,33,54,90.04624587267867,0,46.75,40.150000000000006,31.5,0.9352262688807617,1.2,97,12,79.08995068003884,80,6.5,3.8,57.93857488864423,40,1.840000000000001,100,37.055158789584404,58.053215599257456,14.064994353388704,55.4,65.42988982792514,21.893568801485078,14,,0.8,25,,,,6,52.171587606558035,55.82918195264449,,,77,LON
UK,,115,,61.33407224832699,,35,,55,0.754,,1.3512529707302199,,63,68,5,14000.830769537342,,,14.702078585666138,0.9900000000000001,130,2.08,52.6,5.776903733469485,-2.5,14.27,50,2.8393793461215644,55,100,68.52588068625009,88,94.01413277867381,100,44.824608991896625,69.61404700048978,,38,11.938574888644226,68,42,12,68,65,30,50,32.06509570917298,,0,,65,29.84035320222763,49,48,,,,,70.72847992435291,,47.0627666586536,,68,,,,75,65,62.65209334498381,,79.1515723827775,42.45209334498381,17.361061337487076,2.9,100,72.48581656773213,,54,12,0.8315289235761388,19.688646291977534,100,72.75984102288486,70.10849284862161,72,96,56,20.046245872678675,25,60,90.04624587267867,0,44.25,45.650000000000006,36.5,0,0.8999999999999999,69,7,79.30347742111276,80,2.5,2.5,69.9385748886442,37,1.840000000000001,100,25.055158789584407,62.053215599257456,9.064994353388704,51.5,66.42988982792514,6.893568801485084,10,,0.8,25,,,,2,65.17158760655808,56.82918195264449,,,82.2,SEE
UK,,100,,55.33407224832699,,35,,55,0.108,,1.3512529707302199,,63,60,5,11600.830769537342,,,16.702078585666126,0.8250000000000001,108,2,61.599999999999994,4.976903733469485,-2.5,14.63,50,2.8393793461215644,55,100,66.52588068625009,88,93.01413277867381,100,39.824608991896625,61.614047000489805,,28,9.938574888644226,65,48,14,65,65,38,54,38.06509570917298,,0,,67,27.84035320222763,49,46,,,,,68.72847992435291,,49.0627666586536,,60,,,,73,65,62.45209334498381,,79.1515723827775,40.45209334498381,18.361061337487076,2.7,100,68.48581656773213,,52,12,0.8315289235761388,24.688646291977534,100,52.75984102288507,68.10849284862161,52,97,58,20.046245872678675,21,63,89.04624587267867,0,42.75,48.95,39.5,0,0.7,50,6.5,79.30347742111276,80,2,2.2,73.9385748886442,35,1.840000000000001,100,27.055158789584407,64.05321559925747,10.064994353388704,50.6,58.429889827925116,6.893568801485084,8.5,,0.8,25,,,,2.2,70.17158760655808,48.82918195264449,,,79.8,SWE
UK,,105,,57.33407224832699,,35,,55,0.289,,1.3512529707302199,,63,64,5,12800.830769537342,,,15.702078585666138,0.935,115,2.04,57.099999999999994,5.176903733469485,-2.5,14.61,50,2.7393793461215643,55,100,66.52588068625009,88,93.01413277867381,100,41.824608991896625,65.61404700048978,,32,10.938574888644226,60,52,18,60,65,22,52,42.06509570917298,,0,,64,28.84035320222763,49,47,,,,,68.72847992435291,,46.0627666586536,,64,,,,73,65,62.5520933449838,,79.1515723827775,41.45209334498381,18.361061337487076,2.7,100,70.48581656773213,,52,12,0.8315289235761388,21.688646291977534,100,58.75984102288507,72.10849284862161,58,96,56,20.046245872678675,23,61,89.04624587267867,0,43.75,46.75000000000001,37.5,0,0.8,59,7,79.29944804894451,80,2.2,2.3,70.9385748886442,36,1.840000000000001,100,26.055158789584407,62.053215599257456,10.064994353388704,51.2,62.429889827925116,6.893568801485084,9,,0.8,25,,,,2,66.17158760655808,52.82918195264449,,,81,EAE
UK,,95,,51.33407224832699,,35,,55,0.255,,1.3512529707302199,,63,57,5,11200.830769537342,,,18.702078585666126,0.8800000000000001,98,1.9699999999999998,57.099999999999994,4.176903733469485,-2.5,14.64,50,2.7393793461215643,55,100,64.52588068625009,88,91.01413277867381,100,38.824608991896625,58.614047000489805,,38,14.938574888644226,64,35,10,64,65,20,46,25.065095709172983,,0,,60,31.84035320222763,49,48,,,,,66.72847992435291,,42.0627666586536,,57,,,,70,65,61.252093344983805,,78.9515723827775,39.45209334498381,19.361061337487076,2.5,100,66.48581656773213,,49,12,0.8315289235761388,25.688646291977534,100,55.75984102288507,70.10849284862161,55,95,54,20.046245872678675,27,58,87.04624587267867,0,44.5,45.1,36,0,0.7,59,8,79.29944804894451,80,2.8,2.2,65.9385748886442,39,1.840000000000001,100,28.055158789584407,55.053215599257456,12.064994353388704,50.9,60.429889827925116,7.893568801485084,7.5,,0.8,25,,,,2.2,60.171587606558035,50.82918195264449,,,78.2,EMI
UK,,92,,52.33407224832699,,35,,55,0.095,,1.3512529707302199,,63,55,5,11000.830769537342,,,20.702078585666126,0.8250000000000001,96,1.95,49.9,3.9769037334694834,-2.5,14.68,50,2.639379346121564,55,100,63.5258806862501,88,90.01413277867381,98.02119916801074,39.824608991896625,56.614047000489805,,44,15.938574888644226,62,32,8,62,65,12,43,22.065095709172983,,0,,58,33.84035320222762,49,50,,,,,64.72847992435291,,40.0627666586536,,55,,,,67,65,60.65209334498381,,78.3515723827775,38.45209334498381,20.361061337487076,2.4,100,64.48581656773213,,47,12,0.8315289235761388,27.688646291977534,100,62.75984102288507,66.10849284862161,62,94,53,20.046245872678675,29,56,86.04624587267867,0,45.75,42.35,33.5,0,0.8,75,10,79.19662543432253,80,4.5,2.8,59.93857488864423,42,1.840000000000001,100,33.055158789584404,52.053215599257456,14.064994353388704,51.5,56.429889827925116,9.893568801485081,7.5,,0.8,25,,,,3,55.171587606558035,46.82918195264449,,,74.2,WMI
UK,,88,,50.33407224832699,,35,,55,0.009,,1.3512529707302199,,63,56,5,10800.830769537342,,,19.702078585666126,0.77,90,1.96,54.4,3.8769037334694834,-2.5,14.66,50,2.7393793461215643,55,100,63.5258806862501,88,91.01413277867381,99.02119916801074,37.824608991896625,57.614047000489805,,36,13.938574888644226,63,40,12,63,65,25,47,30.065095709172983,,0,,59,32.84035320222762,49,52,,,,,65.72847992435291,,41.0627666586536,,56,,,,68,65,60.95209334498381,,78.6515723827775,39.45209334498381,19.361061337487076,2.4,100,65.48581656773213,,49,12,0.8315289235761388,26.688646291977534,100,58.75984102288507,67.10849284862161,58,95,55,20.046245872678675,28,58,87.04624587267867,0,44.75,44.550000000000004,35.5,0,0.6,65,9,79.2879746828072,80,3.2,2.3,63.93857488864423,40,1.840000000000001,100,30.055158789584407,54.053215599257456,13.064994353388704,50.6,58.429889827925116,7.893568801485084,7,,0.8,25,,,,2.5,60.171587606558035,48.82918195264449,,,75.8,YHU
UK,,90,,51.33407224832699,,35,,55,0.066,,1.3512529707302199,,63,57,5,11000.830769537342,,,20.702078585666126,0.8250000000000001,92,1.9699999999999998,49.9,4.076903733469485,-2.5,14.67,50,2.639379346121564,55,100,63.5258806862501,88,91.01413277867381,100,39.824608991896625,58.614047000489805,,40,14.938574888644226,62,38,11,62,65,20,44,28.065095709172983,,0,,59,32.84035320222762,49,54,,,,,65.72847992435291,,41.0627666586536,,57,,,,68,65,60.752093344983805,,78.4515723827775,39.45209334498381,20.361061337487076,2.5,100,66.48581656773213,,48,12,0.8315289235761388,25.688646291977534,100,70.75984102288486,67.10849284862161,70,95,54,20.046245872678675,29,57,87.04624587267867,0,45.25,43.45,34.5,0,0.6,75,9.5,79.29944804894451,80,3.5,2.6,62.93857488864423,40,1.840000000000001,100,32.055158789584404,53.053215599257456,13.064994353388704,50.9,58.429889827925116,9.893568801485081,7,,0.8,25,,,,2.8,58.171587606558035,48.82918195264449,,,75,NWE
UK,,78,,47.33407224832699,,35,,55,-0.156,,1.3512529707302199,,63,52,5,9800.830769537342,,,22.702078585666126,0.66,80,1.92,57.099999999999994,3.1769037334694836,-2.5,14.73,50,2.8393793461215644,55,100,61.5258806862501,88,90.01413277867381,96.02119916801074,34.824608991896625,53.614047000489805,,34,12.938574888644226,62,45,9,62,65,22,44,35.06509570917298,,0,,56,33.84035320222762,49,48,,,,,64.72847992435291,,38.0627666586536,,52,,,,67,65,59.95209334498381,,77.6515723827775,37.45209334498381,21.361061337487076,2.3,100,63.48581656773213,,46,12,0.8315289235761388,29.688646291977534,99.99999999999991,55.75984102288507,65.10849284862161,55,94,53,20.046245872678675,30,56,86.04624587267867,0,43.5,47.300000000000004,38,0,0.4,59,9.5,79.29944804894451,80,2.8,2.2,64.9385748886442,41,1.840000000000001,100,35.055158789584404,52.053215599257456,16.0649943533887,49.4,54.429889827925116,7.893568801485084,5.5,,0.8,25,,,,2,62.171587606558035,44.82918195264449,,,69,NEE
UK,,90,,50.33407224832699,,35,,55,0.157,,1.3512529707302199,,63,62,5,11800.830769537342,,,17.702078585666126,0.935,88,2.02,53.5,4.376903733469486,-2.5,14.63,50,2.4393793461215636,55,100,67.52588068625009,88,93.01413277867381,100,43.824608991896625,63.614047000489805,,25,7.938574888644227,70,82,8,70,65,40,48,72.06509570917298,,0,,64,27.84035320222763,49,58,,,,,72.72847992435291,43.65,46.0627666586536,,62,,,,73,65,60.252093344983805,,77.9515723827775,44.45209334498381,16.361061337487076,2.9,100,70.48581656773213,,54,12,0.8315289235761388,21.688646291977534,100,62.75984102288507,70.10849284862161,62,98,48,20.046245872678675,31,60,90.04624587267867,0,44,46.2,37,0,0.6,67,7.5,79.24009012980599,80,2.5,2.8,67.9385748886442,38,1.840000000000001,100,26.055158789584407,60.053215599257456,12.064994353388704,50.3,62.429889827925116,8.893568801485081,6.5,,0.8,25,,,,2,62.171587606558035,52.82918195264449,,,79.8,SCO
UK,,82,,49.21994690427169,,35,,55,0.463,,1.3512529707302199,,63,54,5,10400.830769537342,,,22.702078585666126,0.7150000000000001,85,1.94,60.7,3.4769037334694834,-2.5,14.67,50,2.639379346121564,55,100,62.5258806862501,88,90.01413277867381,97.02119916801074,36.824608991896625,55.614047000489805,,28,10.938574888644226,65,58,12,65,65,35,58,48.06509570917298,,0,,60,29.84035320222763,49,55,,,,,68.72847992435291,40.4,42.0627666586536,,54,,,,70,65,60.65209334498381,,78.3515723827775,38.45209334498381,22.361061337487076,2.5,100,65.48581656773213,,48,12,0.8315289235761388,31.688646291977534,99.93038270931137,50.75984102288507,64.10849284862161,50,97,52,20.046245872678675,25,60,88.04624587267867,0,43.25,47.85,38.5,0,0.5,51,7.5,79.29944804894451,80,2.2,2.3,66.9385748886442,39,1.840000000000001,100,31.055158789584407,54.053215599257456,15.064994353388704,49.7,56.429889827925116,7.893568801485084,6,,0.8,25,,,,2,65.17158760655808,46.82918195264449,,,75,WAL
UK,,82,,47.33407224832699,,35,,55,0.474,,1.3512529707302199,,63,58,5,10200.830769537342,,,21.702078585666126,0.9900000000000001,80,1.98,60.7,3.7769037334694833,-2.5,14.65,50,2.4393793461215636,55,100,68.52588068625009,88,92.01413277867381,100,39.824608991896625,59.614047000489805,,30,9.938574888644226,68,55,9,68,65,28,48,45.06509570917298,,0,,54,34.84035320222762,49,42,,,,,62.728479924352975,41.37,36.06276665865359,,58,,,,68,65,60.95209334498381,,78.6515723827775,35.45209334498381,26.361061337487076,2.4,100,62.48581656773213,,44,12,0.8315289235761388,27.688646291977534,100,48.75984102288507,70.10849284862161,48,96,45,20.046245872678675,35,52,86.04624587267867,0,45.25,43.45,34.5,0,0.7,51,7,79.29944804894451,71,1.8,3.5,64.9385748886442,36,1.840000000000001,100,28.055158789584407,58.053215599257456,14.064994353388704,50.6,60.429889827925116,5.893568801485084,5.5,,0.8,25,,,,1.5,55.171587606558035,50.82918195264449,,,77,NIR
JP,,110,,45.34119032664648,,35,,54.217638976122906,-3.458,,1.3512529707302199,,63,65,5,1519999.8751729662,,,19.005892744984873,0.18000000000000002,110,3.05,30,4.052936557784499,3,14.59,62,2.9298898279251246,55,100,64.18233402665773,88,99,98,55.73644552708593,65.78888972581856,,82,14,65,38,10.2,72.21517253114965,55,22,45,28,,0,,52,24.470132195256106,70,42,,,,,62.366961001856346,,42.10999999999998,,55,,,,63,65,71.12268850830709,,78.86679432842847,32.776145702115784,18,2.5,100,72.48581656773213,,55,12,0.3669610018563548,22,99.5915071513784,55.39150715137835,68,60,95,52,20,13,62,80,0,30,35,40,0,0,65,1,79.94,29,0.5,2.2,78.21517253114965,42,,31,18.766961001856362,55,8,25,28.42988982792513,3,20,,0.3,25,,,,0.6,69.11765860553874,52,,,48,HOK
JP,,110,,42.34119032664648,,35,,49.217638976122906,-3.643,,1.3512529707302199,,63,63,5,1439999.8751729662,,,17.005892744984873,0.09000000000000001,110,3.03,28,3.3529365577844996,3,14.59,60,2.9298898279251246,55,100,65.48233402665772,88,99,100,55.73644552708593,63.7888897258185,,85,12,60,42,10.8,78.21517253114965,45,18,48,32,,0,,55,21.470132195256106,70,45,,,,,60.366961001856346,,45.10999999999998,,58,,,,65,65,73.12268850830709,,78.86679432842847,30.77614570211579,18,2.3,100,75.48581656773213,,55,12,0.3669610018563548,25,99.39150715137839,45.39150715137835,65,62,96,55,20,10,65,82,0,28,28,40,0,0,50,1,79.94,26,0.5,2,82.21517253114965,40,,25,16.46696100185636,58,7,22,26.42988982792513,1.5,20,,0.3,25,,,,0.3,76.11765860553874,48,,,50,TOH
JP,,110,,66.34119032664655,,35,,31.217638976122867,-2.102,,1.3512529707302199,,63,78,5,2319999.8751729685,,,15.005892744984868,0.54,110,3.1799999999999997,65,6.352936557784499,3,14.59,78,2.9298898279251246,55,100,70.68233402665773,88,99,100,55.73644552708593,78.78888972581856,,62,22,72,28,9.36,88.21517253114965,52,8,42,18,,0,,50,27.338637483644437,70,40,,,,,68.36696100185637,,40.10999999999998,,82,,,,60,65,79.12268850830709,,78.86679432842847,42.776145702115784,18,3,100,85.48581656773213,,55,12,0.3669610018563548,12,99.95773356223131,95.39150715137839,72,92,96,48,20,20,58,78,0,38,50,40,0.28900154182281906,0.5,92,1,79.33863748364449,32,0.5,2.8,72.21517253114965,44,,39,14.166961001856354,52,10,45,38.429889827925116,8,2,,0.3,25,,,,1.6,56.11765860553876,58,,,35,KAN
JP,,110,,49.34119032664648,,35,,44.217638976122906,-2.317,,1.3512529707302199,,63,72,5,1839999.8751729662,,,14.005892744984868,0.36000000000000004,110,3.12,40,4.7529365577844995,3,14.59,70,2.9298898279251246,55,100,68.08233402665773,88,99,100,55.73644552708593,72.78888972581856,,72,18,65,34,10.2,80.21517253114965,42,15,50,24,,0,,54,22.470132195256106,70,44,,,,,63.366961001856346,,44.10999999999998,,85,,,,63,65,76.12268850830709,,78.86679432842847,35.776145702115784,18,2.4,100,78.48581656773213,,55,12,0.3669610018563548,16,99.89150715137839,72.39150715137839,75,82,97,53,20,10,63,82,0,34,42,40,0,0,69,1,79.94,27,0.5,2.1,80.21517253114965,41,,28,13.016961001856354,58,6,32,30.42988982792513,2,20,,0.3,25,,,,0.4,71.11765860553874,55,,,42,CHU
JP,,110,,55.34119032664648,,35,,34.217638976122906,-3.038,,1.3512529707302199,,63,70,5,1759999.8751729662,,,18.005892744984873,0.27,110,3.0999999999999996,50,5.352936557784499,3,14.59,75,2.9298898279251246,55,100,66.78233402665772,88,99,100,55.73644552708593,70.78888972581856,,65,20,68,30,9.84,82.21517253114965,48,10,44,20,,0,,52,25.470132195256106,70,42,,,,,65.36696100185637,,42.10999999999998,,72,,,,61,65,77.12268850830709,,78.86679432842847,40.776145702115784,18,2.8,100,80.48581656773213,,55,12,0.3669610018563548,15,99.91546712446258,85.39150715137839,70,85,95,50,20,17,60,80,0,36,45,40,0,0.09999999999999998,85,1,79.94,30,0.5,2.5,70.21517253114965,43,,35,17.616961001856364,55,9,40,35.429889827925116,6,12,,0.3,25,,,,1.2,59.11765860553876,52,,,38,KNS
JP,,110,,44.34119032664648,,35,,47.217638976122906,-3.367,,1.3512529707302199,,63,65,5,1559999.8751729662,,,16.00589274498487,0.135,110,3.05,32,3.752936557784499,3,14.59,64,2.9298898279251246,55,100,65.48233402665772,88,99,100,55.73644552708593,65.78888972581856,,80,15,62,36,10.56,75.21517253114965,40,16,50,26,,0,,56,21.470132195256106,70,46,,,,,60.366961001856346,,46.10999999999998,,62,,,,65,65,75.12268850830709,,78.86679432842847,30.77614570211579,18,2.6,100,74.48581656773213,,55,12,0.3669610018563548,20,99.69150715137839,50.39150715137835,68,65,96,56,20,10,66,84,0,30,30,40,0,0,55,1,79.94,26,0.5,2,82.21517253114965,39,,25,15.316961001856354,60,6,24,27.42988982792513,2,20,,0.3,25,,,,0.4,73.11765860553874,50,,,50,CGK
JP,,110,,41.34119032664648,,35,,51.217638976122906,-3.994,,1.3512529707302199,,63,60,5,1399999.8751729662,,,17.005892744984873,0.045000000000000005,110,3,25,3.0529365577845,3,14.59,58,2.9298898279251246,55,100,63.53233402665773,88,99,97,55.73644552708593,60.7888897258185,,85,11,58,40,11.04,70.21517253114965,38,20,52,30,,0,,58,19.470132195256106,70,48,,,,,58.366961001856346,,48.10999999999998,,55,,,,67,65,79.12268850830709,,78.86679432842847,28.77614570211579,18,2.8,100,70.48581656773213,,55,12,0.3669610018563548,28,99.49150715137839,38.39150715137835,62,48,97,58,20,10,68,85,0,26,25,40,0,0,50,1,79.94,24,0.5,1.9,85.21517253114965,38,,21,16.46696100185636,62,5,20,25.42988982792513,1,20,,0.3,25,,,,0.2,79.11765860553874,45,,,55,SHI
JP,,110,,44.34119032664648,,35,,47.217638976122906,-2.899,,1.3512529707302199,,63,62,5,1479999.8751729662,,,18.005892744984873,0.225,110,3.02,35,4.052936557784499,3,14.6,65,2.9298898279251246,55,100,64.83233402665773,88,99,99,55.73644552708593,62.7888897258185,,78,16,55,45,11.4,76.21517253114965,44,14,46,35,,0,,54,23.470132195256106,70,44,,,,,60.366961001856346,,44.10999999999998,,60,,,,62,65,73.12268850830709,,78.86679432842847,33.776145702115784,18,2.7,100,74.48581656773213,,55,12,0.3669610018563548,22,99.5915071513784,52.39150715137835,66,68,95,54,20,10,64,82,0,32,38,40,0,0,59,1,79.94,29,0.5,2.1,76.21517253114965,41,,31,17.616961001856364,56,8,28,28.42988982792513,3,20,,0.3,25,,,,0.6,71.11765860553874,48,,,48,KYU
DE,,100,,54.08605391034166,29.44117069723062,47,,55,0.252,,1.3512529707302199,,75,79.11765860553874,2.5,22400.60555792488,54.838933902992196,,14.961066097007809,1.1,100,3.1,49,5.9885870438192494,7.002946372492434,14.58,50,4.929889827925124,55,100,60.28233402665773,88,99,92,55.73644552708593,80.78888972581856,,78,8.510706152539646,70,55.447063442215494,9.6,70,65,37,67,52.55882930276937,,0,70,72,22,33,58,,84.91394608965834,,,75.36696100185637,,58,79.44117069723062,78,-0.5588293027693753,,,75,65,62.5520933449838,,78.86679432842847,62.45209334498381,18,4.5,100,76.48581656773213,,55,12,0.3669610018563548,22,100,72.39150715137839,72,72,94,58,20,29,68,92,0,42.9,48.620000000000005,39.2,2.3106296856046726,0.8,77,6.5,80,50,2.2,3.2,70,34,,100,15.086961001856354,64,8,59.6,67.87106052515576,4,20,,1,25,,54.98858704381925,,0.8,70.08605391034166,58,,5.5,79.8,BW
DE,,100,,55.08605391034166,29.44117069723062,47,,55,0.271,,1.3512529707302199,,75,79.11765860553874,2.5,23200.60555792488,54.838933902992196,,14.261066097007808,1.1,100,3.1,51.25,5.9885870438192494,7.002946372492434,13.44,50,4.929889827925124,55,100,60.93233402665773,88,99,93,55.73644552708593,80.78888972581856,,78,8.510706152539646,70,55.447063442215494,9.6,70,65,37,67,55.55882930276937,,0,70,72,22,33,58,,84.91394608965834,,,75.36696100185637,,58,79.44117069723062,78,-0.5588293027693753,,,75,65,62.852093344983814,,78.86679432842847,62.45209334498381,18,4.5,100,76.48581656773213,,55,12,0.3669610018563548,22,100,72.39150715137839,72,72,94,58,20,29,68,92,0,43,48.400000000000006,39,2.3106296856046726,0.8999999999999999,72,6.375,80,50,2.2,3.2,70,34,,100,14.281961001856354,64,8,59.6,67.87106052515576,4,20,,1,25,,54.98858704381925,,0.8,70.08605391034166,58,,5.5,82.2,BY
DE,,100,,51.08605391034166,29.44117069723062,47,,55,-0.377,,1.3512529707302199,,75,79.11765860553874,2.5,19200.60555792488,54.838933902992196,,20.86106609700781,1.1,100,3.1,46.75,5.9885870438192494,7.002946372492434,14.73,50,4.929889827925124,55,100,57.03233402665773,88,99,87,55.73644552708593,80.78888972581856,,78,8.510706152539646,70,55.447063442215494,9.6,70,65,37,67,36.55882930276937,,0,70,72,22,33,58,,84.91394608965834,,,75.36696100185637,,58,79.44117069723062,78,-0.5588293027693753,,,75,65,60.852093344983814,,78.26679432842847,62.45209334498381,18,4.5,100,76.48581656773213,,55,12,0.3669610018563548,22,100,72.39150715137839,72,72,94,58,20,29,68,92,0,42.7,49.06,39.6,2.3106296856046726,0.4,82,9.75,80,50,2.2,3.2,70,34,,100,21.871961001856363,64,8,59.6,67.87106052515576,4,20,,1,25,,54.98858704381925,,0.8,70.08605391034166,58,,5.5,67.4,NW
DE,,100,,54.08605391034166,29.44117069723062,47,,55,-0.085,,1.3512529707302199,,75,79.11765860553874,2.5,21200.60555792488,54.838933902992196,,18.36106609700781,1.1,100,3.1,50.35,5.9885870438192494,7.002946372492434,14.65,50,4.929889827925124,55,100,57.68233402665773,88,99,88,55.73644552708593,80.78888972581856,,78,8.510706152539646,70,55.447063442215494,9.6,70,65,37,67,48.55882930276937,,0,70,72,22,33,58,,84.91394608965834,,,75.36696100185637,,58,79.44117069723062,78,-0.5588293027693753,,,75,65,61.45209334498381,,78.86679432842847,62.45209334498381,18,4.5,100,76.48581656773213,,55,12,0.3669610018563548,22,100,72.39150715137839,72,72,94,58,20,29,68,92,0,42.7,49.06,39.6,2.3106296856046726,0.7,74,9,80,50,2.2,3.2,70,34,,100,18.996961001856363,64,8,59.6,67.87106052515576,4,20,,1,25,,54.98858704381925,,0.8,70.08605391034166,58,,5.5,75.4,HE
DE,,100,,50.08605391034166,29.44117069723062,47,,55,-0.362,,1.3512529707302199,,75,79.11765860553874,2.5,19400.60555792488,54.838933902992196,,18.961066097007812,1.1,100,3.1,58.9,5.9885870438192494,7.002946372492434,14.64,50,4.929889827925124,55,100,57.03233402665773,88,99,87,55.73644552708593,80.78888972581856,,78,8.510706152539646,70,55.447063442215494,9.6,70,65,37,67,54.55882930276937,,0,70,72,22,33,58,,84.91394608965834,,,75.36696100185637,,58,79.44117069723062,78,-0.5588293027693753,,,75,65,61.252093344983805,,78.66679432842847,62.45209334498381,18,4.5,100,76.48581656773213,,55,12,0.3669610018563548,22,100,72.39150715137839,72,72,94,58,20,29,68,92,0,42.2,50.160000000000004,40,2.3106296856046726,0.4,55,8,80,50,2.2,3.2,70,34,,100,19.686961001856364,64,8,59.6,67.87106052515576,4,20,,1,25,,54.98858704381925,,0.8,70.08605391034166,58,,5.5,77,RP
DE,,100,,49.08605391034166,29.44117069723062,47,,55,-1.046,,1.3512529707302199,,75,79.11765860553874,2.5,18000.60555792488,54.838933902992196,,20.16106609700781,1.1,100,3.1,54.4,5.9885870438192494,7.002946372492434,14.72,50,4.929889827925124,55,100,55.082334026657726,88,99,84,55.73644552708593,80.78888972581856,,78,8.510706152539646,70,55.447063442215494,9.6,70,65,37,67,32.55882930276937,,0,70,72,22,33,58,,84.91394608965834,,,75.36696100185637,,58,79.44117069723062,78,-0.5588293027693753,,,75,65,60.65209334498381,,78.06679432842847,62.45209334498381,18,4.5,100,76.48581656773213,,55,12,0.3669610018563548,22,100,72.39150715137839,72,72,94,58,20,29,68,92,0,41.85,50.93,40,2.3106296856046726,0,65,8.75,80,50,2.2,3.2,70,34,,100,21.066961001856363,64,8,59.6,67.87106052515576,4,20,,1,25,,54.98858704381925,,0.8,70.08605391034166,58,,5.5,68.6,SL
DE,,100,,49.08605391034166,29.44117069723062,47,,55,-0.28,,1.3512529707302199,,75,79.11765860553874,2.5,19200.60555792488,54.838933902992196,,19.06106609700781,1.1,100,3.1,58.9,5.9885870438192494,7.002946372492434,14.68,50,4.929889827925124,55,100,56.38233402665772,88,99,86,55.73644552708593,80.78888972581856,,78,8.510706152539646,70,55.447063442215494,9.6,70,65,37,67,62.55882930276937,,0,70,72,22,33,58,,84.91394608965834,,,75.36696100185637,,58,79.44117069723062,78,-0.5588293027693753,,,75,65,61.15209334498381,,78.56679432842847,62.45209334498381,18,4.5,100,76.48581656773213,,55,12,0.3669610018563548,22,100,72.39150715137839,72,72,94,58,20,29,68,92,0,42.25,50.050000000000004,40,2.3106296856046726,0.5,55,7.875,80,50,2.2,3.2,70,34,,100,19.80196100185636,64,8,59.6,67.87106052515576,4,20,,1,25,,54.98858704381925,,0.8,70.08605391034166,58,,5.5,73,NI
DE,,100,,50.08605391034166,29.44117069723062,47,,55,-0.342,,1.3512529707302199,,75,79.11765860553874,2.5,18800.60555792488,54.838933902992196,,18.261066097007813,1.1,100,3.1,60.25,5.9885870438192494,7.002946372492434,14.66,50,4.929889827925124,55,100,56.38233402665772,88,99,86,55.73644552708593,80.78888972581856,,78,8.510706152539646,70,55.447063442215494,9.6,70,65,37,67,70.55882930276938,,0,70,72,22,33,58,,84.91394608965834,,,75.36696100185637,,58,79.44117069723062,78,-0.5588293027693753,,,75,65,61.352093344983814,,78.76679432842847,62.45209334498381,18,4.5,100,76.48581656773213,,55,12,0.3669610018563548,22,100,72.39150715137839,72,72,94,58,20,29,68,92,0,41.8,51.04,40,2.3106296856046726,0.6,52,7.75,80,50,2.2,3.2,70,34,,100,18.881961001856364,64,8,59.6,67.87106052515576,4,20,,1,25,,54.98858704381925,,0.8,70.08605391034166,58,,5.5,75,SH
DE,,100,,57.08605391034166,29.44117069723062,47,,55,-0.244,,1.3512529707302199,,75,79.11765860553874,2.5,20400.60555792488,54.838933902992196,,22.16106609700781,1.1,100,3.1,40,5.9885870438192494,7.002946372492434,14.75,50,4.929889827925124,55,100,57.68233402665773,88,99,88,55.73644552708593,80.78888972581856,,78,8.510706152539646,70,55.447063442215494,9.6,70,65,37,67,42.55882930276937,,0,70,72,22,33,58,,84.91394608965834,,,75.36696100185637,,58,79.44117069723062,78,-0.5588293027693753,,,75,65,61.252093344983805,,78.66679432842847,62.45209334498381,18,4.5,100,76.48581656773213,,55,12,0.3669610018563548,22,100,92.39150715137839,72,92,94,58,20,29,68,92,0,43.85,46.53,37.3,2.3106296856046726,0.8999999999999999,97,14.75,80,50,2.2,3.2,70,34,,100,23.481961001856362,64,8,59.6,67.87106052515576,4,20,,1,25,,54.98858704381925,,0.8,70.08605391034166,58,,5.5,65.8,HH
DE,,100,,52.08605391034166,29.44117069723062,47,,55,-0.939,,1.3512529707302199,,75,79.11765860553874,2.5,17600.60555792488,54.838933902992196,,22.16106609700781,1.1,100,3.1,40,5.9885870438192494,7.002946372492434,14.83,50,4.929889827925124,55,100,53.78233402665773,88,99,82,55.73644552708593,80.78888972581856,,78,8.510706152539646,70,55.447063442215494,9.6,70,65,37,67,38.55882930276937,,0,70,72,22,33,58,,84.91394608965834,,,75.36696100185637,,58,79.44117069723062,78,-0.5588293027693753,,,75,65,60.252093344983805,,77.66679432842847,62.45209334498381,18,4.5,100,76.48581656773213,,55,12,0.3669610018563548,22,100,86.39150715137839,72,86,94,58,20,29,68,92,0,43.1,48.18,38.8,2.3106296856046726,0.4,97,17.75,80,50,2.2,3.2,70,34,,100,30.036961001856362,64,8,59.6,67.87106052515576,4,20,,1,25,,54.98858704381925,,0.8,70.08605391034166,58,,5.5,54.6,BRE
DE,,100,,52.08605391034166,29.44117069723062,47,,55,-0.137,,1.3512529707302199,,75,79.11765860553874,2.5,16800.60555792488,54.838933902992196,,21.961066097007812,1.1,100,3.1,40,5.9885870438192494,7.002946372492434,14.82,50,4.929889827925124,55,100,55.082334026657726,88,99,84,55.73644552708593,80.78888972581856,,78,8.510706152539646,70,55.447063442215494,9.6,70,65,37,67,35.55882930276937,,0,70,72,22,33,58,,84.91394608965834,,,75.36696100185637,,58,79.44117069723062,78,-0.5588293027693753,,,75,65,61.252093344983805,,78.66679432842847,62.45209334498381,18,4.5,100,76.48581656773213,,55,12,0.3669610018563548,22,100,95.39150715137839,72,95,94,58,20,29,68,92,0,43.65,46.970000000000006,37.7,4.6106296856046685,1.1,97,16.875,80,50,2.2,3.2,70,34,,100,23.136961001856363,64,8,66.5,67.87106052515576,4,20,,1,25,,54.98858704381925,,0.8,70.08605391034166,58,,5.5,58.6,BE
DE,,100,,46.08605391034166,29.44117069723062,47,,55,-0.488,,1.3512529707302199,,75,79.11765860553874,2.5,16400.60555792488,54.838933902992196,,18.06106609700781,1.1,100,3.1,67.9,5.9885870438192494,7.002946372492434,14.7,50,4.929889827925124,55,100,53.78233402665773,88,99,82,55.73644552708593,80.78888972581856,,78,8.510706152539646,70,55.447063442215494,9.6,70,65,37,67,78.55882930276938,,0,70,72,22,33,48,,84.91394608965834,,,75.36696100185637,,48,79.44117069723062,78,-0.5588293027693753,,,75,65,60.65209334498381,,78.06679432842847,62.45209334498381,18,4.5,100,76.48581656773213,,55,12,0.3669610018563548,22,100,72.39150715137839,72,72,94,58,20,29,68,92,0,41.15,52.470000000000006,40,2.3106296856046726,0.6,50,7.125,80,50,2.2,3.2,70,34,,100,18.651961001856364,64,8,59.6,67.87106052515576,4,20,,1,25,,54.98858704381925,,0.8,70.08605391034166,58,,5.5,70.2,BB
DE,,100,,45.08605391034166,29.44117069723062,47,,55,-1.218,,1.3512529707302199,,75,79.11765860553874,2.5,15400.605557924882,54.838933902992196,,22.16106609700781,1.1,100,3.1,70.15,5.9885870438192494,7.002946372492434,14.79,50,4.929889827925124,55,100,52.482334026657725,88,99,80,55.73644552708593,80.78888972581856,,78,8.510706152539646,70,55.447063442215494,9.6,70,65,37,67,82.55882930276938,,0,70,72,22,33,42,,84.91394608965834,,,75.36696100185637,,42,79.44117069723062,78,-0.5588293027693753,,,75,65,59.65209334498381,,77.06679432842847,62.45209334498381,18,4.5,100,76.48581656773213,,55,12,0.3669610018563548,22,100,72.39150715137839,72,72,94,58,20,29,68,92,0,41.05,52.690000000000005,40,2.3106296856046726,0,50,7.625,80,50,2.2,3.2,70,34,,100,24.286961001856362,64,8,59.6,67.87106052515576,4,20,,1,25,,54.98858704381925,,0.8,58.08605391034166,58,,5.5,61.4,MV
DE,,100,,45.08605391034166,29.44117069723062,47,,55,-0.772,,1.3512529707302199,,75,79.11765860553874,2.5,15800.605557924882,54.838933902992196,,19.261066097007813,1.1,100,3.1,60.25,5.9885870438192494,7.002946372492434,14.69,50,4.929889827925124,55,100,58.982334026657725,88,99,90,55.73644552708593,80.78888972581856,,78,8.510706152539646,70,55.447063442215494,9.6,70,65,37,67,42.55882930276937,,0,70,72,22,33,44,,84.91394608965834,,,75.36696100185637,,44,79.44117069723062,78,-0.5588293027693753,,,75,65,61.0520933449838,,78.46679432842846,62.45209334498381,18,4.5,100,76.48581656773213,,55,12,0.3669610018563548,22,100,72.39150715137839,72,72,94,58,20,29,68,92,0,41.7,51.260000000000005,40,2.3106296856046726,0.19999999999999998,52,8.875,80,50,2.2,3.2,70,34,,100,20.031961001856363,64,8,59.6,67.87106052515576,4,20,,1,25,,54.98858704381925,,0.8,56.08605391034166,58,,5.5,71,SN
DE,,100,,45.08605391034166,29.44117069723062,47,,55,-1.306,,1.3512529707302199,,75,79.11765860553874,2.5,15200.605557924882,54.838933902992196,,22.16106609700781,1.1,100,3.1,66.1,5.9885870438192494,7.002946372492434,14.77,50,4.929889827925124,55,100,54.43233402665773,88,99,83,55.73644552708593,80.78888972581856,,78,8.510706152539646,70,55.447063442215494,9.6,70,65,37,67,72.55882930276938,,0,70,72,22,33,40,,84.91394608965834,,,75.36696100185637,,40,79.44117069723062,78,-0.5588293027693753,,,75,65,59.5520933449838,,76.96679432842846,62.45209334498381,18,4.5,100,76.48581656773213,,55,12,0.3669610018563548,22,100,72.39150715137839,72,72,94,58,20,29,68,92,0,41,52.800000000000004,40,2.3106296856046726,0,50,10.5,80,50,2.2,3.2,70,34,,100,23.366961001856364,64,8,59.6,67.87106052515576,4,20,,1,25,,54.98858704381925,,0.8,56.08605391034166,58,,5.5,63.4,ST
DE,,100,,46.08605391034166,29.44117069723062,47,,55,-1.146,,1.3512529707302199,,75,79.11765860553874,2.5,15600.605557924882,54.838933902992196,,18.36106609700781,1.1,100,3.1,64.75,5.9885870438192494,7.002946372492434,14.69,50,4.929889827925124,55,100,57.03233402665773,88,99,87,55.73644552708593,80.78888972581856,,78,8.510706152539646,70,55.447063442215494,9.6,70,65,37,67,55.55882930276937,,0,70,72,22,33,46,,84.91394608965834,,,75.36696100185637,,46,79.44117069723062,78,-0.5588293027693753,,,75,65,61.15209334498381,,78.56679432842847,62.45209334498381,18,4.5,100,76.48581656773213,,55,12,0.3669610018563548,22,100,72.39150715137839,72,72,94,58,20,29,68,92,0,41.05,52.690000000000005,40,2.3106296856046726,0,50,7.875,80,50,2.2,3.2,70,34,,100,18.996961001856363,64,8,59.6,67.87106052515576,4,20,,1,25,,54.98858704381925,,0.8,58.08605391034166,58,,5.5,71.8,TH
BR,,100,,44.05309998401633,,35,,55,2.18,,1.3512529707302199,,64,58,4.5,8800.897161306062,,,22.19767388954755,0.8,100,1.2,50.8,5.5,1.2,12.17,50,2.9298898279251246,55,100,44.68233402665773,88,94,68,55.73644552708593,58.7888897258185,,62,2.4,52,90,11.76,52,65,28,18,92,,0,,38,63,37,28,,,,,42.366961001856346,,28,,58,,,,75,65,52.45209334498381,,70.86679432842847,38.45209334498381,18,2.3,100,58.48581656773213,,55,12.10122027489508,0.3669610018563548,45,98.89150715137839,42.39150715137835,48,42,72,38,20,35,48,62,0,51,30.800000000000004,28,1.5080494756835523,0.8999999999999999,73,20,80,80,10,2.8,32,52,,100,48.66696100185634,72,22,55.4,48.429889827925116,14,20,,1.6,25,,,,2.8,44,38,,,57,NORTE
BR,,100,,40.05309998401633,,35,,55,0.58,,1.3512529707302199,,64,58,4.5,7200.8971613060685,,,22.19767388954755,0.8,100,1.2,49.9,5.5,1.2,14.82,50,2.9298898279251246,55,100,44.68233402665773,88,94,68,55.73644552708593,58.7888897258185,,62,2.4,52,90,11.76,52,65,28,18,82,,0,,38,63,37,28,,,,,42.366961001856346,,28,,58,,,,75,65,52.95209334498381,,70.86679432842847,38.45209334498381,18,2.3,100,58.48581656773213,,55,12.10122027489508,0.3669610018563548,45,98.89150715137839,42.39150715137835,48,42,72,38,20,35,48,62,0,48.25,36.85,28.5,1.5080494756835523,0.8999999999999999,75,20,80,80,10,2.8,32,52,,100,50,72,22,55.4,48.429889827925116,14,20,,1.6,25,,,,2.8,44,38,,,45.4,NORDESTE
BR,,100,,52.05309998401633,,35,,55,2.58,,1.3512529707302199,,64,58,4.5,13600.897161306062,,,22.19767388954755,0.8,100,1.2,44.5,7,1.2,8.11,50,2.9298898279251246,55,100,44.68233402665773,88,94,68,55.73644552708593,58.7888897258185,,62,2.4,52,90,11.76,52,65,28,18,82,,0,,38,63,37,28,,,,,42.366961001856346,,28,,58,,,,75,65,54.95209334498381,,72.31436280903868,38.45209334498381,18,2.3,100,58.48581656773213,,55,12.10122027489508,0.3669610018563548,45,98.89150715137839,42.39150715137835,48,42,72,38,20,35,48,62,0,48.25,36.85,28.5,1.5080494756835523,0.8999999999999999,87,20,80,80,10,2.8,32,52,,100,23.366961001856364,72,22,55.4,48.429889827925116,14,20,,1.6,25,,,,2.8,44,38,,,67.8,CENTRO_OESTE
BR,,100,,58.05309998401633,,35,,55,1.573,,1.3512529707302199,,64,58,4.5,15200.897161306062,,,22.19767388954755,0.8,100,1.2,42.25,5.5,1.2,13.01,50,2.9298898279251246,55,100,48.582334026657726,88,94,74,55.73644552708593,58.7888897258185,,62,2.4,52,90,11.76,52,65,28,18,82,,0,,38,63,37,28,,,,,42.366961001856346,,28,,58,,,,75,65,56.252093344983805,,73.61436280903868,38.45209334498381,18,2.3,100,58.48581656773213,,55,12.10122027489508,0.3669610018563548,45,98.89150715137839,58.39150715137835,48,58,72,38,20,35,48,62,0,48.25,36.85,28.5,1.5080494756835523,0.8999999999999999,92,20,80,80,10,2.8,32,52,,100,25.66696100185636,72,22,55.4,48.429889827925116,14,20,,1.6,25,,,,2.8,44,38,,,63.8,SUDESTE
BR,,100,,54.05309998401633,,35,,55,1.88,,1.3512529707302199,,64,58,4.5,14400.897161306062,,,16.19767388954755,0.8,100,1.2,46.3,5.5,1.2,9.99,50,2.9298898279251246,55,100,49.88233402665772,88,94,76,55.73644552708593,58.7888897258185,,62,2.4,52,90,11.76,52,65,28,18,82,,0,,38,63,37,28,,,,,42.366961001856346,,28,,58,,,,75,65,57.252093344983805,,74.61436280903868,38.45209334498381,18,2.3,100,58.48581656773213,,55,12.10122027489508,0.3669610018563548,45,98.89150715137839,42.39150715137835,48,42,72,38,20,35,48,62,0,48.25,36.85,28.5,1.5080494756835523,0.8999999999999999,83,20,80,80,10,2.8,32,52,,100,16.46696100185636,72,22,55.4,48.429889827925116,14,20,,1.6,25,,,,2.8,56,38,,,71.4,SUL
CN,,110,35.438542915933986,44.298894515913375,,35,,55.438542915933986,2.842,,1.3512529707302199,0.08,75,74,3.2,28800.89716130607,,,7.935567907037643,3,110,2.4,54.69167505086857,7.193033589906523,2.8930335899065334,12.44,49.4607424359049,2.9298898279251246,55,100,56.38233402665772,88,97,86.14341833229113,55.73644552708593,75.18535524979411,,52.548069279602025,6.84890261227796,58.33484711463303,40,11.04,58,65,18,32,30.23429164924993,60,0,,82,41.563502330582466,41.5,72,,,,,45.366961001856346,,72.65334581411737,,74,,45.333827982696214,,75,65,56.65209334498381,,74.51579609252131,43.11692149484618,18,3.4750621674722355,100,72.76087873520434,,55,12.10122027489508,0.3669610018563548,18,99.95773356223131,72.39150715137839,78,72,82,68,20,20,78,60,0,43.5,47.300000000000004,38,3.9080494756835513,0,65,6,79.7657083507501,80,1.2,3.8,78.529867804744,28,,100,5.366961001856354,82,4,62.6,58.429889827925116,2.7249378325277647,20,,2.4342916492499205,25,,,,0.6,72,48,,,65,DB
CN,,110,35.438542915933986,54.298894515913375,,35,,55.438542915933986,4.651,,1.3512529707302199,0.08,75,74,3.2,44000.89716130608,,,7.935567907037643,3,110,2.4,52.89167505086857,7.193033589906523,2.8930335899065334,3.66,49.4607424359049,2.9298898279251246,55,100,56.38233402665772,88,97,86.14341833229113,55.73644552708593,75.18535524979411,,52.56799759532228,6.789117665117182,58.33484711463303,40,11.04,58,65,18,32,30.23429164924993,60,0,,82,41.563502330582466,41.5,72,,,,,45.366961001856346,,72.65334581411737,,74,,45.333827982696214,,75,65,58.252093344983805,,76.11579609252131,43.11692149484618,18,3.4750621674722355,100,72.76087873520434,,55,12.10122027489508,0.3669610018563548,18,99.95773356223131,72.39150715137839,78,72,82,68,20,20,78,60,0,45.8,42.24,33.4,3.9080494756835513,0.19999999999999998,69,6,79.27451794681267,80,1.2,3.8,78.78787384814214,28,,100,5.366961001856354,82,4,62.6,58.429889827925116,2.7249378325277647,20,,2.4342916492499205,25,,,,0.6,72,48,,,75.8,HB
CN,,110,35.438542915933986,64.29889451591335,,35,,55.438542915933986,0.21,,1.3942635385747368,0.1,75,77.50435802511849,3.2,59200.89716130608,,,7.644620799652443,3,110,2.4,48.796188086900834,4.449481166859735,2.8930335899065334,13.95,49.4607424359049,2.9298898279251246,55,100,60.28233402665773,88,97,92.14341833229113,55.73644552708593,75.18535524979411,,52.548069279602025,6.84890261227796,58.33484711463303,40,11.04,58,65,18,32,30.23429164924993,60,0,,82,41.563502330582466,41.5,72,,,,,45.366961001856346,,72.65334581411737,,74,,45.333827982696214,,75,65,59.65209334498381,,77.51579609252131,43.11692149484618,18,3.601397735591545,100,72.88721430332366,,55,12.10122027489508,0.3669610018563548,18,99.95773356223131,88.39150715137839,78,88,82,68,20,20,78,60,0,45.8,42.24,33.4,3.9080494756835513,0.19999999999999998,79.4086763147151,6,79.7657083507501,80,1.2,3.8,78.529867804744,28,,100,5.366961001856354,82,4,62.6,58.429889827925116,2.274517946812666,18,,2.4342916492499205,25,,,,0.6,72,48.640176990852545,,,79.8,HD
CN,,110,35.438542915933986,44.298894515913375,,35,,55.438542915933986,4.717,,1.3512529707302199,0.08,75,74,3.2,32000.89716130607,,,7.935567907037643,3,110,2.4,58.29167505086857,7.193033589906523,2.8930335899065334,4.04,49.4607424359049,2.9298898279251246,55,100,56.38233402665772,88,97,86.14341833229113,55.73644552708593,75.18535524979411,,52.76367838517454,6.676681997153146,58.33484711463303,40,11.04,58,65,18,32,30.23429164924993,60,0,,82,41.563502330582466,41.5,72,,,,,45.366961001856346,,72.65334581411737,,74,,45.333827982696214,,75,65,56.95209334498381,,74.81579609252131,43.11692149484618,18,4.0126743859199765,100,73.29849095365205,,55,12.10122027489508,0.3669610018563548,18,99.95773356223131,72.39150715137839,78,72,82,68,20,20,78,60,0,45.8,42.24,33.4,3.9080494756835513,0.19999999999999998,57,6,79.7657083507501,80,1.2,3.8,78.529867804744,28,,100,5.366961001856354,82,4,62.6,58.429889827925116,2.7249378325277647,20,,2.4342916492499205,25,,,,0.6,72,48,,,70.2,HZ
CN,,110,35.438542915933986,60.298894515913375,,35,,55.438542915933986,4.52,,1.3512529707302199,0.08,75,74,3.2,54000.89716130608,,,7.935567907037643,3,110,2.4,50.19167505086857,7.193033589906523,2.8930335899065334,1.96,49.4607424359049,2.9298898279251246,55,100,56.38233402665772,88,97,86.14341833229113,55.73644552708593,75.18535524979411,,52.548069279602025,6.84890261227796,58.33484711463303,32,11.04,58.61615318185715,65,18,32,22.23429164924993,60,0,,82,41.563502330582466,41.5,72,,,,,45.366961001856346,,72.65334581411737,,74,,45.333827982696214,,75,65,59.252093344983805,,77.11579609252131,43.11692149484618,18,3.4750621674722355,100,72.76087873520434,,55,12.10122027489508,0.3669610018563548,18,99.95773356223131,72.39150715137839,78,72,82,68,20,20,78,60,0,45.8,42.24,33.4,3.9080494756835513,0.19999999999999998,75,6,79.7657083507501,80,1.2,3.8,78.61615318185714,28,,100,5.366961001856354,82,4,62.6,58.429889827925116,2.7249378325277647,20,,2.4342916492499205,25,,,,0.6,72,48,,,81,HN
CN,,110,35.438542915933986,40.298894515913375,,35,,55.438542915933986,-0.545,,1.3942635385747368,0.08,75,77.50435802511849,3.2,27200.89716130607,,,7.935567907037643,3,110,2.4,63.69167505086857,4.449481166859735,2.8930335899065334,14.53,49.261507121477564,2.9298898279251246,55,100,56.38233402665772,88,97,86.58496787697968,55.73644552708593,75.18535524979411,,52.548069279602025,6.84890261227796,58.33484711463303,58,11.04,58,65,18,32,48.23429164924995,60,0,,82,41.563502330582466,41.5,72,,,,,45.366961001856346,,72.65334581411737,,74,,45.333827982696214,,75,65,55.45209334498381,,73.31579609252131,43.11692149484618,18,3.4750621674722355,100,72.76087873520434,,55,12.10122027489508,0.3669610018563548,18,99.95773356223131,72.39150715137839,78,72,82,68,20,20,78,60,0,45.8,42.24,33.4,3.9080494756835513,0.19999999999999998,50,6,79.7657083507501,80,1.2,3.8,78.529867804744,28,,100,5.366961001856354,82,4,62.6,58.429889827925116,2.7249378325277647,20,,2.4342916492499205,25,,,,0.6,72,48,,,67.8,XN
CN,,110,35.438542915933986,38.298894515913375,,35,,55.438542915933986,4.682,,1.3512529707302199,0.08,75,74,3.2,24800.89716130607,,,7.935567907037643,3,110,2.4,66.39167505086844,7.193033589906523,2.8930335899065334,5.12,49.4607424359049,2.9298898279251246,55,100,56.38233402665772,88,97,86.14341833229113,55.73644552708593,75.18535524979411,,52.548069279602025,6.84890261227796,58.33484711463303,40,11.04,58,65,18,32,30.23429164924993,60,0,,82,41.563502330582466,41.5,72,,,,,45.366961001856346,,72.65334581411737,,74,,45.333827982696214,,75,65,54.95209334498381,,72.81579609252131,43.11692149484618,18,3.4750621674722355,100,72.76087873520434,,55,12.10122027489508,0.3669610018563548,18,99.95773356223131,72.39150715137839,78,72,82,68,20,20,78,60,0,45.8,42.24,33.4,1.7080494756835518,0.19999999999999998,50,6,79.7657083507501,80,1.2,3.8,78.529867804744,28,,100,5.366961001856354,82,4,56,58.429889827925116,2.7249378325277647,20,,2.4342916492499205,25,,,,0.6,72,48,,,66.2,XB
IE,85,100,,63.721599781689406,,35,30,55,3.242,5,1.3512529707302199,,73,82,2.2,20800.89716130607,,15,13.191260854959921,2.4,100,1.6,40.449999999999996,8.709572153005668,11.5,5.76,50,2.9298898279251246,55,100,60.28233402665773,88,99,92,55.73644552708593,82.78888972581856,42,82,8,68,52,9.84,68,65,15,42,42,,0.8,,62,20,25,52,0,,0,0.6900000000000004,74.36696100185637,,52.481537029557856,,82,,,28,67,65,63.45209334498381,23.688793400875927,78.81436280903868,58.45209334498381,18,3.6791700079119667,100,72.48581656773213,0,55,12.10122027489508,0.3669610018563548,28,100,72.39150715137839,70,72,96,52,20,20,62,95,0,45.7,42.46000000000001,33.6,11.70804947568354,1.5,96,5.25,80,68,0.8,3,72,38,,100,13.361961001856354,56,6,85,72.42988982792514,5,18,4,1.4,25,48,,40,1,65,62,18,,74.6,DUB
IE,85,100,,53.721599781689406,,35,30,55,2.846,5,1.3512529707302199,,73,82,2.2,18400.89716130607,,15,13.191260854959921,2.4,100,1.6,56.2,8.709572153005668,11.5,5.94,50,2.9298898279251246,55,100,60.28233402665773,88,99,92,55.73644552708593,82.78888972581856,42,82,8,68,52,9.84,68,65,15,42,42,,0.8,,62,20,25,52,0,,0,0.6900000000000004,74.36696100185637,,52.481537029557856,,82,,,28,67,65,62.65209334498381,23.688793400875927,78.81436280903868,58.45209334498381,18,3.6791700079119667,100,72.48581656773213,0,55,12.10122027489508,0.3669610018563548,28,100,55.39150715137835,70,55,96,52,20,20,62,95,0,45.7,42.46000000000001,33.6,8.20804947568354,1.5,61,3.5,80,68,0.8,3,72,38,,100,13.361961001856354,56,6,75.5,72.42988982792514,5,20,4,1.4,25,48,,40,1,65,62,18,,79.8,KIL
IE,85,100,,43.721599781689406,,35,30,55,1.33,5,1.3512529707302199,,73,82,2.2,14400.897161306062,,15,13.191260854959921,2.4,100,1.6,66.1,8.709572153005668,11.5,13.68,50,2.9298898279251246,55,100,60.28233402665773,88,99,92,55.73644552708593,82.78888972581856,42,82,8,68,52,9.84,68,65,15,42,42,,0.8,,62,20,25,52,0,,0,0.6900000000000004,74.36696100185637,,52.481537029557856,,82,,,28,67,65,62.65209334498381,23.688793400875927,78.81436280903868,58.45209334498381,18,3.6791700079119667,100,72.48581656773213,0,55,12.10122027489508,0.3669610018563548,28,100,28.391507151378374,70,28,96,52,20,20,62,95,0,45.7,42.46000000000001,33.6,8.20804947568354,1.5,50,3.5,80,68,0.8,3,72,38,,100,13.361961001856354,56,6,75.5,72.42988982792514,5,20,4,1.4,25,48,,40,1,65,62,18,,73,MID
IE,85,100,,42.721599781689406,,35,30,55,1.148,5,1.3512529707302199,,73,82,2.2,14000.897161306062,,15,13.191260854959921,2.4,100,1.6,62.5,8.709572153005668,11.5,14.45,50,2.9298898279251246,55,100,60.28233402665773,88,99,92,55.73644552708593,82.78888972581856,42,82,8,68,52,9.84,68,65,15,42,42,,0.8,,62,20,25,52,0,,0,0.6900000000000004,74.36696100185637,,52.481537029557856,,82,,,28,67,65,62.65209334498381,23.688793400875927,78.81436280903868,58.45209334498381,18,3.6791700079119667,100,72.48581656773213,0,55,12.10122027489508,0.3669610018563548,28,100,55.39150715137835,70,55,96,52,20,20,62,95,0,45.7,42.46000000000001,33.6,8.20804947568354,1.5,50,3.5,80,68,0.8,3,72,38,,100,13.361961001856354,56,6,75.5,72.42988982792514,5,20,4,1.4,25,48,,40,1,65,62,18,,71.8,WEX
IE,85,100,,45.721599781689406,,35,30,55,2.219,5,1.3512529707302199,,73,82,2.2,16000.897161306062,,15,13.191260854959921,2.4,100,1.6,56.2,8.709572153005668,11.5,8.64,50,2.9298898279251246,55,100,60.28233402665773,88,99,92,55.73644552708593,82.78888972581856,42,82,8,68,65,9.84,68,65,15,42,55,,0.8,,62,20,25,52,0,,0,0.6900000000000004,74.36696100185637,,52.481537029557856,,82,,,28,67,65,62.65209334498381,23.688793400875927,78.81436280903868,58.45209334498381,18,3.6791700079119667,100,72.48581656773213,0,55,12.10122027489508,0.3669610018563548,28,100,55.39150715137835,70,55,96,52,20,20,62,95,0,45.7,42.46000000000001,33.6,8.20804947568354,1.5,61,3.5,80,68,0.8,3,72,38,,100,13.361961001856354,56,6,75.5,72.42988982792514,5,20,4,1.4,25,48,,40,1,65,62,18,,77,LIM
IE,85,100,,47.721599781689406,,35,30,55,3.056,5,1.3512529707302199,,73,82,2.2,16400.89716130607,,15,13.191260854959921,2.4,100,1.6,56.2,8.709572153005668,11.5,5.05,50,2.9298898279251246,55,100,60.28233402665773,88,99,92,55.73644552708593,82.78888972581856,42,82,8,68,58,9.84,68,65,15,42,48,,0.8,,62,20,25,52,0,,0,0.6900000000000004,74.36696100185637,,52.481537029557856,,82,,,28,67,65,62.65209334498381,23.688793400875927,78.81436280903868,58.45209334498381,18,3.6791700079119667,100,72.48581656773213,0,55,12.10122027489508,0.3669610018563548,28,100,55.39150715137835,70,55,96,52,20,20,62,95,0,45.7,42.46000000000001,33.6,5.708049475683554,1.5,61,3.5,80,68,0.8,3,72,38,,100,13.361961001856354,56,6,68,72.42988982792514,5,20,4,1.4,25,48,,40,1,65,62,18,,79.4,COR
IE,85,100,,40.721599781689406,,35,30,55,1.577,5,1.3512529707302199,,73,82,2.2,13600.897161306062,,15,13.191260854959921,2.4,100,1.6,67,8.709572153005668,11.5,13.72,50,2.9298898279251246,55,100,60.28233402665773,88,99,92,55.73644552708593,82.78888972581856,42,82,8,68,70,9.84,68,65,15,42,60,,0.8,,62,20,25,52,0,,0,0.6900000000000004,74.36696100185637,,52.481537029557856,,82,,,28,67,65,62.65209334498381,23.688793400875927,78.81436280903868,58.45209334498381,18,3.6791700079119667,100,72.48581656773213,0,55,12.10122027489508,0.3669610018563548,28,100,55.39150715137835,70,55,96,52,20,20,62,95,0,45.7,42.46000000000001,33.6,8.20804947568354,1.5,50,3.5,80,68,0.8,3,72,38,,100,13.361961001856354,56,6,75.5,72.42988982792514,5,20,4,1.4,25,48,,40,1,65,62,18,,70.2,GAL
IE,85,100,,39.721599781689406,,35,30,55,0.888,5,1.3512529707302199,,73,82,2.2,12800.897161306062,,15,13.191260854959921,2.4,100,1.6,67.9,8.709572153005668,11.5,14.62,50,2.9298898279251246,55,100,60.28233402665773,88,99,92,55.73644552708593,82.78888972581856,42,82,8,68,52,9.84,68,65,15,42,42,,0.8,,62,20,25,52,0,,0,0.6900000000000004,74.36696100185637,,52.481537029557856,,82,,,28,67,65,62.65209334498381,23.688793400875927,78.81436280903868,58.45209334498381,18,3.6791700079119667,100,72.48581656773213,0,55,12.10122027489508,0.3669610018563548,28,100,55.39150715137835,70,55,96,52,20,20,62,95,0,45.7,42.46000000000001,33.6,3.708049475683551,1.5,50,3.5,80,68,0.8,3,72,38,,100,13.361961001856354,56,6,62,72.42988982792514,5,20,4,1.4,25,48,,40,1,65,62,18,,65,DON
,,64.856,,33.071,,45.689,,50.336,3.66,,1.351,,54.949,54.565,12.451,7935.796,,,19.05,4.903,65.085,5.107,50.006,37.812,11.024,9.315,48.637,7.041,54.761,62.619,55.268,74.981,83.186,62.064,54.177,55.11,,46.506,40.272,52.912,47.234,25.005,52.843,52.795,40.234,46.788,42.302,,1.56,,53.926,50.173,0,49.503,,,,,53.107,,46.631,,54.723,,,,57.854,53.716,52.985,,72.393,50.496,40.405,36.621,62.117,54.743,,51.428,19.597,0.458,41.706,62.859,51.319,56.636,50.192,60.79,50.202,20.055,31.177,59.862,67.92,0.091,49.073,47.433,37.679,36.369,2.143,58.164,15.635,70.412,48.34,8.304,37.7,54.557,47.035,,76.723,38.069,55.812,37.488,49.832,57.078,40.395,17.567,,6.265,43.033,,,,8.251,50.886,56.238,,,57.821,federal
,,102.409,,55.779,,35,,55,0.435,,1.351,,63,60.931,5,12259.269,,,19.11,0.903,107.512,2.009,53.039,4.77,-2.5,14.471,50,2.668,55,100,65.713,88,91.766,99.404,42.429,62.545,,37.247,13.097,63.867,44.969,11.857,63.867,65,23.698,47.07,35.034,,-12.624,,60.962,30.852,32.223,50.904,,,,,68.117,,43.025,,60.931,,,,69.958,65,61.407,,78.71,40.087,19.665,2.676,100,69.018,,49.866,12,0.832,23.959,99.997,65.306,67.415,64.546,95.52,53.596,20.046,27.729,58.178,88.292,0,44.621,44.834,35.758,0.112,0.751,68.106,8.556,79.26,79.753,3.275,2.645,65.677,38.665,,100,29.877,57.426,12.346,51.359,60.759,9.724,8.409,,0.8,25,,,,2.726,60.903,51.158,,,77.538,uk_national
,,110,,53.81,,35,,39.979,-2.645,,1.351,,63,70.444,5,1853385.031,,,16.212,0.329,110,3.104,46.595,5.015,3,14.591,70.877,2.93,55,100,67.569,88,99,99.689,55.736,71.233,,70.74,18.294,65.721,33.846,10.113,81.419,47.007,12.579,45.627,23.846,,-1.502,,52.64,24.498,5.64,42.64,,,,,64.292,,42.75,,72.791,,,,62.001,65,76.458,,78.867,37.549,18,2.718,100,79.522,,55,12,0.367,16.921,99.802,74.124,70.107,79.212,95.855,51.485,20,14.522,61.485,80.527,0,34.197,41.817,40,0.09,0.174,74.694,1,79.753,29.187,0.5,2.374,75.787,42.038,,32.528,15.554,55.475,8.164,35.017,32.83,4.686,12.947,,0.3,25,,,,0.937,64.961,53.216,,,41.646,jp_national
,,100,,51.087,29.441,47,,55,-0.171,,1.351,,75,79.118,2.5,19554.278,54.839,,18.552,1.1,100,3.1,53.026,5.989,7.003,14.513,50,4.93,55,100,57.641,88,99,87.936,55.736,80.789,,78,8.511,70,55.447,9.6,70,65,37,67,51.278,,1.466,70,72,22,0,55.415,,84.914,,,75.367,,55.415,79.441,78,-0.559,,,75,65,61.412,,78.49,62.452,18,4.5,100,76.486,,55,12,0.367,22,100,73.916,72,73.525,94,58,20,29,68,92,0,42.465,49.577,39.477,2.41,0.551,69.676,8.733,80,50,2.2,3.2,70,34,,100,19.299,64,8,59.897,67.871,4,20,,1,25,,54.989,,0.8,68.064,58,,5.5,72.504,de_national
,,100,,50.884,,35,,55,1.579,,1.351,,64,58,4.5,12217.607,,,21.295,0.8,100,1.2,45.813,5.596,1.2,12.706,50,2.93,55,100,47.128,88,94,71.763,55.736,58.789,,62,2.4,52,90,11.76,52,65,28,18,82.698,,3.19,,38,63,0,28,,,,,42.367,,28,,58,,,,75,65,55.1,,72.695,38.452,18,2.3,100,58.486,,55,12.101,0.367,45,98.892,49.214,48,48.823,72,38,20,35,48,62,0,48.442,36.428,28.465,1.508,0.9,84.082,20,80,80,10,2.8,32,52,,100,32.778,72,22,55.4,48.43,14,20,,1.6,25,,,,2.8,45.806,38,,,59.404,br_national
,85,100,,50.413,,35,30,55,2.499,5,1.351,,73,82,2.2,16783.535,,15,13.191,2.4,100,1.6,55.221,8.71,11.5,9.076,50,2.93,55,100,60.282,88,99,92,55.736,82.789,42,82,8,68,55.844,9.84,68,65,15,42,45.844,,19.201,,62,20,0,52,0,,0,0.69,74.367,,52.482,,82,,,28,67,65,62.885,23.689,78.814,58.452,18,3.679,100,72.486,0,55,12.101,0.367,28,100,58.788,70,58.396,96,52,20,20,62,95,0,45.7,42.46,33.6,8.346,1.5,67.058,4.009,80,68,0.8,3,72,38,,100,13.362,56,6,75.625,72.43,5,19.418,4,1.4,25,48,,40,1,65,62,18,,74.151,ie_national
,,110,35.439,51.181,,35,,55.439,2.535,,1.371,0.086,75,75.579,3.2,41149.043,,,7.854,3,110,2.4,55.793,5.957,2.893,9.228,49.427,2.93,55,100,57.47,88,97,87.892,55.736,75.185,,52.579,6.819,58.335,42.281,11.04,58.062,65,18,32,32.515,60,0.747,,82,41.564,0.37,72,,,,,45.367,,72.653,,74,,45.334,,75,65,57.56,,75.424,43.117,18,3.583,100,72.869,,55,12.101,0.367,18,99.958,76.853,78,76.462,82,68,20,20,78,60,0,45.595,42.692,33.81,3.652,0.182,65.053,6,79.713,80,1.2,3.8,78.566,28,,100,5.367,82,4,61.833,58.43,2.599,19.442,,2.434,25,,,,0.6,72,48.179,,,73.228,cn_national